Datum und Uhrzeit,PH Coesfelder Kreuz,PH Theater,PP HÃ¶rsterplatz,PH Alter Steinweg,Busparkplatz,PP Schlossplatz Nord,PP Schlossplatz SÃ¼d,PH Aegidii,PP Georgskommende,PH MÃ¼nster Arkaden,PH Karstadt,PH Stubengasse,PH Bremer Platz,PH Engelenschanze,PH BahnhofstraÃe,PH Cineplex,PH Stadthaus 3
2024-11-10 00:00:00,ges,379,ges,302,ges,ges,ges,399,ges,159,173,183,67,88,148,452,277
2024-11-10 00:15:00,ges,379,ges,307,ges,ges,ges,401,ges,159,173,184,68,92,154,460,277
2024-11-10 00:30:00,ges,379,ges,307,ges,ges,ges,401,ges,159,173,184,68,92,154,468,280
2024-11-10 00:45:00,ges,379,ges,307,ges,ges,ges,401,ges,159,173,184,68,92,154,473,282
2024-11-10 01:00:00,ges,379,ges,307,ges,ges,ges,401,ges,159,173,184,68,92,154,477,286
2024-11-10 01:15:00,ges,379,ges,307,ges,ges,ges,401,ges,159,173,184,68,92,154,505,288
2024-11-10 01:30:00,ges,379,ges,307,ges,ges,ges,401,ges,159,173,184,68,92,154,536,290
2024-11-10 01:45:00,ges,379,ges,307,ges,ges,ges,401,ges,159,173,184,68,92,154,545,290
2024-11-10 02:00:00,ges,379,ges,307,ges,ges,ges,401,ges,159,173,184,68,92,154,545,297
2024-11-10 02:15:00,ges,379,ges,307,ges,ges,ges,401,ges,159,173,184,68,92,154,549,297
2024-11-10 02:30:00,ges,379,ges,307,ges,ges,ges,401,ges,159,173,184,68,92,154,549,299
2024-11-10 02:45:00,ges,379,ges,307,ges,ges,ges,401,ges,159,173,184,68,92,154,550,300
2024-11-10 03:00:00,ges,379,ges,307,ges,ges,ges,401,ges,159,173,184,68,92,154,552,302
2024-11-10 03:15:00,ges,379,ges,307,ges,ges,ges,401,ges,159,173,184,68,92,154,554,304
2024-11-10 03:30:00,ges,379,ges,307,ges,ges,ges,401,ges,159,173,184,68,92,154,554,306
2024-11-10 03:45:00,ges,379,ges,307,ges,ges,ges,401,ges,159,173,184,68,92,154,555,307
2024-11-10 04:00:00,ges,379,ges,307,ges,ges,ges,401,ges,159,173,184,68,92,154,557,307
2024-11-10 04:15:00,ges,379,ges,307,ges,ges,ges,401,ges,159,173,184,68,92,154,557,308
2024-11-10 04:30:00,ges,379,ges,307,ges,ges,ges,401,ges,159,173,184,68,92,154,558,309
2024-11-10 04:45:00,ges,379,ges,307,ges,ges,ges,401,ges,159,173,184,68,92,154,558,310
2024-11-10 05:00:00,ges,379,ges,307,ges,ges,ges,401,ges,159,173,184,68,92,154,559,310
2024-11-10 05:15:00,ges,379,ges,307,ges,ges,ges,401,ges,159,173,184,68,92,154,560,309
2024-11-10 05:30:00,ges,379,ges,307,ges,ges,ges,401,ges,159,173,184,68,92,154,559,310
2024-11-10 05:45:00,ges,379,ges,307,ges,ges,ges,401,ges,159,173,184,68,92,154,559,310
2024-11-10 06:00:00,ges,379,ges,307,ges,ges,ges,401,ges,159,173,184,68,92,154,559,312
2024-11-10 06:15:00,ges,379,ges,307,ges,ges,ges,401,ges,159,173,184,68,92,154,560,312
2024-11-10 06:30:00,ges,379,ges,307,ges,ges,ges,401,ges,159,173,184,68,92,154,561,312
2024-11-10 06:45:00,ges,379,ges,307,ges,ges,ges,401,ges,159,173,184,68,92,154,561,312
2024-11-10 07:00:00,ges,379,ges,307,ges,ges,ges,401,ges,159,173,184,68,92,154,561,312
2024-11-10 07:15:00,ges,379,ges,307,ges,ges,ges,401,ges,159,173,184,68,92,154,561,312
2024-11-10 07:30:00,ges,379,ges,307,ges,ges,ges,401,ges,159,173,184,68,92,154,561,312
2024-11-10 07:45:00,ges,379,ges,307,ges,ges,ges,401,ges,159,173,184,68,92,154,560,313
2024-11-10 08:00:00,ges,379,ges,307,ges,ges,ges,401,ges,159,173,184,68,92,154,560,313
2024-11-10 08:15:00,ges,379,ges,307,ges,ges,ges,401,ges,159,173,184,68,92,154,560,313
2024-11-10 08:30:00,ges,379,ges,307,ges,ges,ges,401,ges,159,173,184,68,92,154,560,314
2024-11-10 08:45:00,ges,382,ges,331,ges,ges,ges,402,ges,159,173,180,56,100,161,562,314
2024-11-10 09:00:00,ges,380,ges,329,ges,ges,ges,400,ges,159,173,177,58,107,165,558,314
2024-11-10 09:15:00,ges,380,ges,330,ges,ges,ges,398,ges,159,173,175,59,118,167,557,314
2024-11-10 09:30:00,ges,377,ges,328,ges,ges,ges,418,ges,159,173,172,57,126,171,555,312
2024-11-10 09:45:00,ges,370,ges,328,ges,ges,ges,414,ges,159,173,171,54,135,167,554,312
2024-11-10 10:00:00,ges,362,ges,321,ges,100,ges,403,ges,159,173,163,54,131,165,553,312
2024-11-10 10:15:00,ges,360,ges,316,ges,100,ges,393,ges,155,173,161,56,135,163,553,308
2024-11-10 10:30:00,ges,359,ges,316,ges,100,ges,378,ges,154,173,157,52,146,167,544,308
2024-11-10 10:45:00,ges,359,ges,314,ges,100,ges,375,ges,150,173,157,44,155,168,534,304
2024-11-10 11:00:00,ges,349,ges,310,ges,100,ges,375,ges,146,173,156,ges,155,175,523,303
2024-11-10 11:15:00,ges,347,ges,308,ges,100,ges,368,ges,145,173,157,52,161,182,506,302
2024-11-10 11:30:00,ges,343,ges,308,ges,100,ges,362,ges,142,173,157,58,162,187,491,300
2024-11-10 11:45:00,ges,338,ges,309,ges,100,ges,357,ges,140,173,159,64,168,189,456,299
2024-11-10 12:00:00,ges,335,ges,308,ges,100,ges,356,ges,139,173,171,65,173,191,432,297
2024-11-10 12:15:00,ges,331,ges,308,ges,100,10,358,ges,139,173,172,68,179,138,422,298
2024-11-10 12:30:00,ges,329,ges,300,ges,100,10,355,ges,136,173,167,71,185,195,412,297
2024-11-10 12:45:00,ges,327,ges,297,ges,100,10,357,ges,134,173,169,71,181,190,405,299
2024-11-10 13:00:00,ges,326,ges,291,ges,100,10,356,ges,125,173,173,75,183,186,405,299
2024-11-10 13:15:00,ges,326,ges,294,ges,100,10,369,ges,125,173,176,79,178,184,401,300
2024-11-10 13:30:00,ges,331,ges,291,ges,100,10,370,ges,123,173,182,81,171,183,402,300
2024-11-10 13:45:00,ges,329,ges,293,ges,100,10,371,ges,121,173,184,75,163,183,407,303
2024-11-10 14:00:00,ges,327,ges,293,ges,100,10,376,ges,123,173,188,69,166,180,418,305
2024-11-10 14:15:00,ges,326,ges,292,ges,100,10,375,ges,415,173,182,69,167,180,418,303
2024-11-10 14:30:00,ges,317,ges,294,ges,100,10,368,ges,126,173,188,79,172,185,412,306
2024-11-10 14:45:00,ges,307,ges,297,ges,100,10,370,ges,132,173,187,75,176,189,415,307
2024-11-10 15:00:00,ges,295,ges,290,ges,100,10,363,ges,135,173,184,73,174,189,409,306
2024-11-10 15:15:00,ges,291,ges,285,ges,100,10,362,ges,138,173,186,80,177,187,413,308
2024-11-10 15:30:00,ges,292,ges,285,ges,100,10,360,ges,137,173,185,78,177,191,417,311
2024-11-10 15:45:00,ges,290,ges,280,ges,100,10,351,ges,137,173,184,74,174,190,424,311
2024-11-10 16:00:00,ges,289,ges,282,ges,100,10,349,ges,138,173,181,66,172,186,438,311
2024-11-10 16:15:00,ges,289,ges,282,ges,100,10,348,ges,138,173,181,61,168,183,443,313
2024-11-10 16:30:00,ges,290,433,280,ges,100,10,348,ges,137,173,183,61,169,186,432,314
2024-11-10 16:45:00,ges,293,ges,286,ges,100,10,346,ges,136,173,184,68,173,183,428,314
2024-11-10 17:00:00,ges,296,ges,289,ges,100,10,347,ges,140,173,186,62,175,183,411,313
2024-11-10 17:15:00,ges,303,ges,291,ges,100,10,355,ges,141,173,187,68,176,187,422,312
2024-11-10 17:30:00,ges,304,ges,291,ges,100,10,366,ges,145,173,196,67,175,191,414,307
2024-11-10 17:45:00,ges,304,ges,298,ges,100,10,376,ges,143,173,200,60,176,190,390,303
2024-11-10 18:00:00,ges,311,ges,299,ges,100,10,381,ges,142,173,201,62,171,180,380,295
2024-11-10 18:15:00,ges,312,ges,299,ges,100,10,387,ges,140,173,199,64,166,176,337,293
2024-11-10 18:30:00,ges,322,ges,288,ges,100,10,387,ges,137,173,199,64,163,184,307,281
2024-11-10 18:45:00,ges,324,ges,283,ges,ges,10,395,ges,137,173,215,67,166,183,281,269
2024-11-10 19:00:00,ges,328,ges,278,ges,ges,10,400,ges,134,173,210,61,166,177,283,269
2024-11-10 19:15:00,ges,332,ges,280,ges,ges,10,400,ges,136,173,211,62,168,173,288,268
2024-11-10 19:30:00,ges,337,ges,275,ges,ges,10,406,ges,140,173,213,62,170,175,277,269
2024-11-10 19:45:00,ges,341,ges,288,ges,ges,10,408,ges,145,173,214,63,172,175,296,270
2024-11-10 20:00:00,ges,355,ges,290,ges,ges,10,413,ges,148,173,219,57,181,175,297,270
2024-11-10 20:15:00,ges,361,ges,295,ges,ges,10,415,ges,151,170,222,61,182,177,311,270
2024-11-10 20:30:00,ges,367,ges,305,ges,ges,10,416,ges,153,170,224,63,192,186,317,269
2024-11-10 20:45:00,ges,373,ges,316,ges,ges,10,417,ges,156,170,226,64,206,196,335,268
2024-11-10 21:00:00,ges,374,ges,321,ges,ges,10,426,ges,158,170,229,71,218,205,347,270
2024-11-10 21:15:00,ges,375,ges,325,ges,ges,10,435,ges,160,170,232,72,219,212,351,270
2024-11-10 21:30:00,ges,378,ges,331,ges,ges,10,436,ges,161,170,229,73,223,214,422,307
2024-11-10 21:45:00,ges,380,ges,338,ges,ges,10,438,ges,161,170,229,76,227,215,484,311
2024-11-10 22:00:00,ges,382,ges,338,ges,ges,10,442,ges,161,170,231,83,228,218,503,312
2024-11-10 22:15:00,ges,384,ges,338,ges,ges,10,443,ges,161,170,230,87,229,219,520,313
2024-11-10 22:30:00,ges,384,ges,338,ges,ges,10,444,ges,161,170,231,88,232,220,539,313
2024-11-10 22:45:00,ges,385,ges,340,ges,ges,10,445,ges,162,170,233,91,233,221,552,314
2024-11-10 23:00:00,ges,385,ges,340,ges,ges,10,447,ges,162,170,233,100,233,219,560,314
2024-11-10 23:15:00,ges,385,ges,340,ges,ges,10,449,ges,162,170,234,101,233,220,562,315
2024-11-10 23:30:00,ges,385,ges,340,ges,ges,10,450,ges,162,170,234,100,231,219,568,315
2024-11-10 23:45:00,ges,385,ges,340,ges,ges,10,450,ges,162,170,234,101,231,218,568,315
2024-11-17 00:00:00,ges,366,ges,289,ges,ges,ges,431,ges,163,175,201,37,77,133,425,271
2024-11-17 00:15:00,ges,367,ges,292,ges,ges,ges,432,ges,163,175,200,39,79,135,460,272
2024-11-17 00:30:00,ges,367,ges,292,ges,ges,ges,432,ges,163,175,200,39,79,135,469,279
2024-11-17 00:45:00,ges,367,ges,292,ges,ges,ges,432,ges,163,175,200,39,79,135,485,284
2024-11-17 01:00:00,ges,367,ges,292,ges,ges,ges,432,ges,163,175,200,39,79,135,500,288
2024-11-17 01:15:00,ges,367,ges,292,ges,ges,ges,432,ges,163,175,200,39,79,135,508,290
2024-11-17 01:30:00,ges,367,ges,292,ges,ges,ges,432,ges,163,175,200,39,79,135,513,291
2024-11-17 01:45:00,ges,367,ges,292,ges,ges,ges,432,ges,163,175,200,39,79,135,523,297
2024-11-17 02:00:00,ges,367,ges,292,ges,ges,ges,432,ges,163,175,200,39,79,135,542,302
2024-11-17 02:15:00,ges,367,ges,292,ges,ges,ges,432,ges,163,175,200,39,79,135,556,303
2024-11-17 02:30:00,ges,367,ges,292,ges,ges,ges,432,ges,163,175,200,39,79,135,558,305
2024-11-17 02:45:00,ges,367,ges,292,ges,ges,ges,432,ges,163,175,200,39,79,135,560,306
2024-11-17 03:00:00,ges,367,ges,292,ges,ges,ges,432,ges,163,175,200,39,79,135,560,307
2024-11-17 03:15:00,ges,367,ges,292,ges,ges,ges,432,ges,163,175,200,39,79,135,561,309
2024-11-17 03:30:00,ges,367,ges,292,ges,ges,ges,432,ges,163,175,200,39,79,135,565,309
2024-11-17 03:45:00,ges,367,ges,292,ges,ges,ges,432,ges,163,175,200,39,79,135,565,310
2024-11-17 04:00:00,ges,367,ges,292,ges,ges,ges,432,ges,163,175,200,39,79,135,564,310
2024-11-17 04:15:00,ges,367,ges,292,ges,ges,ges,432,ges,163,175,200,39,79,135,564,310
2024-11-17 04:30:00,ges,367,ges,292,ges,ges,ges,432,ges,163,175,200,39,79,135,566,312
2024-11-17 04:45:00,ges,367,ges,292,ges,ges,ges,432,ges,163,175,200,39,79,135,566,313
2024-11-17 05:00:00,ges,367,ges,292,ges,ges,ges,432,ges,163,175,200,39,79,135,566,316
2024-11-17 05:15:00,ges,367,ges,292,ges,ges,ges,432,ges,163,175,200,39,79,135,567,316
2024-11-17 05:30:00,ges,367,ges,292,ges,ges,ges,432,ges,163,175,200,39,79,135,567,316
2024-11-17 05:45:00,ges,367,ges,292,ges,ges,ges,432,ges,163,175,200,39,79,135,569,316
2024-11-17 06:00:00,ges,367,ges,292,ges,ges,ges,432,ges,163,175,200,39,79,135,568,316
2024-11-17 06:15:00,ges,367,ges,292,ges,ges,ges,432,ges,163,175,200,39,79,135,568,316
2024-11-17 06:30:00,ges,367,ges,292,ges,ges,ges,432,ges,163,175,200,39,79,135,568,316
2024-11-17 06:45:00,ges,367,ges,292,ges,ges,ges,432,ges,163,175,200,39,79,135,568,316
2024-11-17 07:00:00,ges,367,ges,292,ges,ges,ges,432,ges,163,175,200,39,79,135,568,316
2024-11-17 07:15:00,ges,367,ges,292,ges,ges,ges,432,ges,163,175,200,39,79,135,568,317
2024-11-17 07:30:00,ges,367,ges,292,ges,ges,ges,432,ges,163,175,200,39,79,135,567,317
2024-11-17 07:45:00,ges,367,ges,292,ges,ges,ges,432,ges,163,175,200,39,79,135,566,317
2024-11-17 08:00:00,ges,367,ges,292,ges,ges,ges,432,ges,163,175,200,39,79,135,566,318
2024-11-17 08:15:00,ges,367,ges,292,ges,ges,ges,432,ges,163,175,200,39,79,135,565,318
2024-11-17 08:30:00,ges,367,ges,292,ges,ges,ges,432,ges,163,175,200,39,79,135,563,318
2024-11-17 08:45:00,ges,367,ges,292,ges,ges,ges,432,ges,163,175,200,39,79,135,563,318
2024-11-17 09:00:00,ges,370,ges,308,ges,ges,ges,432,ges,163,175,201,50,83,130,564,318
2024-11-17 09:15:00,ges,369,ges,309,ges,ges,ges,429,ges,163,175,199,50,85,131,563,318
2024-11-17 09:30:00,ges,367,ges,306,ges,ges,ges,422,ges,163,175,189,48,84,133,563,319
2024-11-17 09:45:00,ges,364,ges,302,ges,250,ges,417,ges,163,175,184,42,84,132,562,319
2024-11-17 10:00:00,ges,350,ges,298,ges,250,ges,402,ges,161,175,166,38,92,136,562,319
2024-11-17 10:15:00,ges,342,ges,298,ges,250,360,390,ges,159,175,153,31,96,137,561,319
2024-11-17 10:30:00,ges,339,ges,289,ges,250,360,379,ges,157,175,146,31,112,147,559,319
2024-11-17 10:45:00,ges,333,ges,283,ges,250,360,375,ges,155,175,140,28,118,151,550,319
2024-11-17 11:00:00,ges,330,ges,282,ges,250,360,364,ges,142,175,148,29,129,161,537,319
2024-11-17 11:15:00,ges,329,ges,279,ges,250,360,365,ges,134,170,149,42,145,169,526,318
2024-11-17 11:30:00,ges,329,ges,276,ges,250,360,364,ges,123,170,152,36,162,175,512,318
2024-11-17 11:45:00,ges,323,ges,278,ges,250,360,361,ges,119,170,153,40,177,179,484,318
2024-11-17 12:00:00,ges,320,ges,280,ges,250,360,354,ges,114,170,159,46,188,180,448,319
2024-11-17 12:15:00,ges,309,ges,276,ges,250,360,349,ges,109,170,169,51,184,184,428,318
2024-11-17 12:30:00,ges,304,ges,277,ges,250,360,345,ges,104,170,172,57,188,182,417,318
2024-11-17 12:45:00,ges,300,ges,281,ges,250,360,337,ges,105,170,172,58,194,184,414,317
2024-11-17 13:00:00,ges,300,ges,274,ges,250,360,340,ges,109,170,181,54,201,185,406,317
2024-11-17 13:15:00,ges,306,ges,268,ges,250,360,332,ges,114,169,190,55,198,191,404,316
2024-11-17 13:30:00,ges,302,ges,265,ges,250,360,332,ges,117,169,198,52,198,183,413,316
2024-11-17 13:45:00,ges,306,ges,263,ges,250,360,321,ges,120,169,201,52,196,185,419,317
2024-11-17 14:00:00,ges,305,ges,261,ges,250,360,303,ges,123,169,200,49,199,186,427,317
2024-11-17 14:15:00,ges,312,ges,259,ges,250,360,295,ges,125,169,200,48,200,181,413,317
2024-11-17 14:30:00,ges,315,ges,264,ges,250,360,292,ges,129,169,207,51,202,180,423,318
2024-11-17 14:45:00,ges,316,ges,265,ges,250,360,288,ges,133,169,204,45,199,181,441,317
2024-11-17 15:00:00,ges,318,ges,266,ges,250,360,280,ges,131,169,199,46,205,184,439,317
2024-11-17 15:15:00,ges,319,ges,266,ges,250,360,284,ges,131,169,196,47,206,183,431,315
2024-11-17 15:30:00,ges,316,ges,266,ges,250,360,284,ges,129,169,195,52,203,185,425,314
2024-11-17 15:45:00,ges,311,ges,263,ges,250,360,281,ges,128,169,194,61,203,185,430,313
2024-11-17 16:00:00,ges,309,ges,265,ges,250,360,283,ges,126,169,197,61,203,183,415,313
2024-11-17 16:15:00,ges,314,ges,263,ges,250,360,291,ges,129,169,203,64,202,176,417,314
2024-11-17 16:30:00,ges,316,ges,269,ges,250,360,297,ges,131,169,208,74,205,188,420,314
2024-11-17 16:45:00,ges,319,ges,270,ges,250,360,301,ges,128,169,210,73,210,189,400,316
2024-11-17 17:00:00,ges,318,ges,262,ges,250,360,322,ges,133,169,210,72,205,194,399,315
2024-11-17 17:15:00,ges,319,ges,257,ges,250,360,333,ges,137,169,207,78,203,190,389,311
2024-11-17 17:30:00,ges,316,ges,259,ges,250,360,347,ges,138,169,207,65,202,176,366,311
2024-11-17 17:45:00,ges,309,ges,254,ges,250,360,353,ges,137,169,207,59,192,172,346,312
2024-11-17 18:00:00,ges,289,ges,247,ges,250,360,361,ges,132,169,209,54,190,173,329,310
2024-11-17 18:15:00,ges,279,ges,235,ges,250,360,361,ges,128,169,209,57,188,169,327,310
2024-11-17 18:30:00,ges,272,ges,238,ges,250,ges,363,ges,127,169,207,63,183,168,325,309
2024-11-17 18:45:00,ges,248,ges,235,ges,250,ges,374,ges,128,169,206,63,184,166,331,309
2024-11-17 19:00:00,ges,225,ges,230,ges,ges,ges,369,ges,126,169,208,66,169,165,319,308
2024-11-17 19:15:00,ges,224,ges,230,ges,ges,ges,368,ges,124,169,211,68,149,158,330,309
2024-11-17 19:30:00,ges,229,ges,238,ges,ges,ges,370,ges,125,169,212,65,146,158,335,309
2024-11-17 19:45:00,ges,231,ges,240,ges,ges,ges,376,ges,128,169,216,69,144,159,345,311
2024-11-17 20:00:00,ges,231,ges,248,ges,ges,ges,378,ges,134,169,216,71,144,162,352,312
2024-11-17 20:15:00,ges,238,ges,249,ges,ges,ges,383,ges,136,168,217,71,146,166,358,310
2024-11-17 20:30:00,ges,247,ges,254,ges,ges,ges,388,ges,139,168,215,79,160,186,364,314
2024-11-17 20:45:00,ges,262,ges,259,ges,ges,ges,399,ges,145,168,218,80,162,197,398,315
2024-11-17 21:00:00,ges,272,ges,266,ges,ges,ges,412,ges,154,168,220,79,165,197,407,315
2024-11-17 21:15:00,ges,275,ges,285,ges,ges,ges,419,ges,159,168,225,81,167,200,416,315
2024-11-17 21:30:00,ges,281,ges,295,ges,ges,ges,423,ges,160,168,229,82,172,202,432,316
2024-11-17 21:45:00,ges,294,ges,296,ges,ges,ges,429,ges,163,168,234,84,175,205,440,317
2024-11-17 22:00:00,ges,348,ges,305,ges,ges,ges,432,ges,163,168,237,86,175,205,453,318
2024-11-17 22:15:00,ges,354,ges,308,ges,ges,ges,433,ges,163,168,236,93,175,206,473,318
2024-11-17 22:30:00,ges,358,ges,311,ges,ges,ges,434,ges,163,168,236,99,176,208,479,318
2024-11-17 22:45:00,ges,359,ges,316,ges,ges,ges,435,ges,163,168,236,101,186,208,508,319
2024-11-17 23:00:00,ges,360,ges,316,ges,ges,ges,436,ges,163,168,237,101,218,209,539,319
2024-11-17 23:15:00,ges,363,ges,316,ges,ges,ges,438,ges,163,168,237,102,225,210,547,319
2024-11-17 23:30:00,ges,365,ges,316,ges,ges,ges,438,ges,163,168,237,103,226,211,564,318
2024-11-17 23:45:00,ges,367,ges,316,ges,ges,ges,438,ges,163,168,238,102,227,211,568,318
2024-11-24 00:00:00,ges,363,ges,284,ges,ges,ges,429,ges,162,184,178,90,136,176,472,309
2024-11-24 00:15:00,ges,363,ges,288,ges,ges,ges,430,ges,162,184,179,91,137,177,492,307
2024-11-24 00:30:00,ges,363,ges,288,ges,ges,ges,430,ges,162,184,179,91,137,177,497,306
2024-11-24 00:45:00,ges,363,ges,288,ges,ges,ges,430,ges,162,184,179,91,137,177,502,306
2024-11-24 01:00:00,ges,363,ges,288,ges,ges,ges,430,ges,162,184,179,91,137,177,519,307
2024-11-24 01:15:00,ges,363,ges,288,ges,ges,ges,430,ges,162,184,179,91,137,177,527,308
2024-11-24 01:30:00,ges,363,ges,288,ges,ges,ges,430,ges,162,184,179,91,137,177,529,310
2024-11-24 01:45:00,ges,363,ges,288,ges,ges,ges,430,ges,162,184,179,91,137,177,534,310
2024-11-24 02:00:00,ges,363,ges,288,ges,ges,ges,430,ges,162,184,179,91,137,177,537,310
2024-11-24 02:15:00,ges,363,ges,288,ges,ges,ges,430,ges,162,184,179,91,137,177,545,310
2024-11-24 02:30:00,ges,363,ges,288,ges,ges,ges,430,ges,162,184,179,91,137,177,547,310
2024-11-24 02:45:00,ges,363,ges,288,ges,ges,ges,430,ges,162,184,179,91,137,177,547,310
2024-11-24 03:00:00,ges,363,ges,288,ges,ges,ges,430,ges,162,184,179,91,137,177,551,310
2024-11-24 03:15:00,ges,363,ges,288,ges,ges,ges,430,ges,162,184,179,91,137,177,551,311
2024-11-24 03:30:00,ges,363,ges,288,ges,ges,ges,430,ges,162,184,179,91,137,177,552,312
2024-11-24 03:45:00,ges,363,ges,288,ges,ges,ges,430,ges,162,184,179,91,137,177,552,312
2024-11-24 04:00:00,ges,363,ges,288,ges,ges,ges,430,ges,162,184,179,91,137,177,552,313
2024-11-24 04:15:00,ges,363,ges,288,ges,ges,ges,430,ges,162,184,179,91,137,177,552,314
2024-11-24 04:30:00,ges,363,ges,288,ges,ges,ges,430,ges,162,184,179,91,137,177,554,315
2024-11-24 04:45:00,ges,363,ges,288,ges,ges,ges,430,ges,162,184,179,91,137,177,554,315
2024-11-24 05:00:00,ges,363,ges,288,ges,ges,ges,430,ges,162,184,179,91,137,177,554,316
2024-11-24 05:15:00,ges,363,ges,288,ges,ges,ges,430,ges,162,184,179,91,137,177,554,316
2024-11-24 05:30:00,ges,363,ges,288,ges,ges,ges,430,ges,162,184,179,91,137,177,554,317
2024-11-24 05:45:00,ges,363,ges,288,ges,ges,ges,430,ges,162,184,179,91,137,177,554,317
2024-11-24 06:00:00,ges,363,ges,288,ges,ges,ges,430,ges,162,184,179,91,137,177,554,317
2024-11-24 06:15:00,ges,363,ges,288,ges,ges,ges,430,ges,162,184,179,91,137,177,554,317
2024-11-24 06:30:00,ges,363,ges,288,ges,ges,ges,430,ges,162,184,179,91,137,177,554,317
2024-11-24 06:45:00,ges,363,ges,288,ges,ges,ges,430,ges,162,184,179,91,137,177,554,317
2024-11-24 07:00:00,ges,363,ges,288,ges,ges,ges,430,ges,162,184,179,91,137,177,554,317
2024-11-24 07:15:00,ges,363,ges,288,ges,ges,ges,430,ges,162,184,179,91,137,177,554,317
2024-11-24 07:30:00,ges,363,ges,288,ges,ges,ges,430,ges,162,184,179,91,137,177,554,317
2024-11-24 07:45:00,ges,363,ges,288,ges,ges,ges,430,ges,162,184,179,91,137,177,554,317
2024-11-24 08:00:00,ges,363,ges,288,ges,ges,ges,430,ges,162,184,179,91,137,177,554,317
2024-11-24 08:15:00,ges,363,ges,288,ges,ges,ges,430,ges,162,184,179,91,137,177,554,317
2024-11-24 08:30:00,ges,363,ges,288,ges,ges,ges,430,ges,162,184,179,91,137,177,553,317
2024-11-24 09:00:00,ges,362,ges,326,ges,ges,ges,428,ges,162,184,179,91,149,171,552,317
2024-11-24 09:15:00,ges,357,ges,323,ges,ges,ges,457,ges,162,184,176,92,149,167,552,317
2024-11-24 09:30:00,ges,354,ges,318,ges,ges,ges,445,ges,162,184,173,89,151,168,550,317
2024-11-24 09:45:00,ges,348,ges,316,ges,ges,ges,432,ges,162,184,166,88,148,166,547,316
2024-11-24 10:00:00,ges,337,ges,311,ges,ges,245,414,ges,161,184,159,86,144,164,544,316
2024-11-24 10:15:00,ges,333,ges,311,ges,ges,245,400,ges,160,184,151,85,148,174,545,316
2024-11-24 10:30:00,ges,329,ges,308,ges,ges,245,396,ges,159,184,156,86,150,177,545,314
2024-11-24 10:45:00,ges,328,ges,307,ges,ges,245,393,ges,158,184,159,84,160,170,544,313
2024-11-24 11:00:00,ges,326,ges,308,ges,ges,245,388,ges,156,184,163,85,157,166,540,313
2024-11-24 11:15:00,ges,326,ges,307,ges,ges,245,378,ges,151,184,166,93,163,171,528,313
2024-11-24 11:30:00,ges,325,ges,304,ges,ges,245,369,ges,148,184,172,98,177,178,516,313
2024-11-24 11:45:00,ges,317,ges,304,ges,ges,245,356,ges,147,184,179,98,180,181,502,313
2024-11-24 12:00:00,ges,313,ges,304,ges,ges,245,351,ges,145,184,185,96,187,179,492,312
2024-11-24 12:15:00,ges,313,ges,298,ges,ges,245,344,ges,139,184,191,90,192,182,477,314
2024-11-24 12:30:00,ges,307,ges,292,ges,ges,245,333,ges,134,184,185,82,192,181,469,317
2024-11-24 12:45:00,ges,308,ges,287,ges,ges,245,322,ges,131,184,193,83,196,179,458,317
2024-11-24 13:00:00,ges,309,ges,284,ges,200,245,318,ges,128,184,192,86,193,179,453,317
2024-11-24 13:15:00,ges,320,ges,281,ges,200,245,308,ges,129,184,192,85,190,172,449,317
2024-11-24 13:30:00,ges,312,ges,281,ges,200,245,303,ges,130,184,193,85,198,169,441,317
2024-11-24 13:45:00,ges,309,ges,275,ges,200,245,300,ges,129,184,197,88,202,170,441,317
2024-11-24 14:00:00,ges,311,ges,269,ges,200,245,301,ges,128,184,207,85,200,171,441,317
2024-11-24 14:15:00,ges,316,ges,274,ges,200,245,297,ges,123,184,202,84,203,172,430,317
2024-11-24 14:30:00,ges,315,ges,279,ges,200,245,296,ges,121,184,203,87,204,180,424,317
2024-11-24 14:45:00,ges,317,ges,278,ges,200,245,295,ges,118,184,204,93,203,176,438,317
2024-11-24 15:00:00,ges,315,ges,279,ges,200,245,296,ges,118,184,203,90,206,182,433,315
2024-11-24 15:15:00,ges,322,ges,278,ges,200,245,294,ges,123,184,199,87,204,185,434,315
2024-11-24 15:30:00,ges,323,ges,275,ges,200,245,297,ges,121,184,195,92,204,191,436,314
2024-11-24 15:45:00,ges,325,ges,276,ges,200,245,297,ges,120,184,200,97,221,201,432,316
2024-11-24 16:00:00,ges,321,ges,281,ges,200,245,299,ges,120,184,202,99,227,205,426,316
2024-11-24 16:15:00,ges,327,ges,282,ges,200,245,302,ges,127,184,208,100,232,208,415,315
2024-11-24 16:30:00,ges,326,ges,283,ges,200,245,305,ges,129,184,206,100,234,197,423,316
2024-11-24 16:45:00,ges,324,ges,285,ges,200,245,308,ges,133,184,206,100,233,193,428,314
2024-11-24 17:00:00,ges,317,ges,278,ges,200,245,308,ges,139,184,208,97,232,190,413,311
2024-11-24 17:15:00,ges,313,ges,282,ges,200,245,301,ges,139,184,208,92,230,185,410,311
2024-11-24 17:30:00,ges,289,ges,277,ges,200,245,306,ges,144,184,211,98,228,192,395,311
2024-11-24 17:45:00,ges,242,ges,273,ges,200,245,311,ges,147,184,215,105,226,187,384,312
2024-11-24 18:00:00,ges,226,ges,256,ges,200,245,315,ges,147,184,218,93,225,183,377,312
2024-11-24 18:15:00,ges,221,ges,247,ges,200,245,318,ges,145,184,217,89,226,179,365,311
2024-11-24 18:30:00,ges,224,ges,237,ges,200,245,321,ges,145,184,219,91,223,178,356,313
2024-11-24 18:45:00,ges,217,ges,239,ges,200,245,315,ges,150,184,219,99,220,175,352,314
2024-11-24 19:00:00,ges,217,ges,242,ges,ges,245,313,ges,149,184,217,94,218,170,351,314
2024-11-24 19:15:00,ges,221,ges,253,ges,ges,ges,326,ges,149,184,218,97,217,163,356,314
2024-11-24 19:30:00,ges,222,ges,257,ges,ges,ges,327,ges,147,184,215,96,217,168,349,316
2024-11-24 19:45:00,ges,226,ges,265,ges,ges,ges,332,ges,147,184,216,100,225,174,351,316
2024-11-24 20:00:00,ges,230,ges,276,ges,ges,ges,335,ges,146,184,216,102,225,176,362,316
2024-11-24 20:15:00,ges,233,ges,284,ges,ges,ges,341,ges,149,170,218,103,229,180,408,316
2024-11-24 20:30:00,ges,245,ges,295,ges,ges,ges,348,ges,150,170,217,108,241,191,426,316
2024-11-24 20:45:00,ges,311,ges,303,ges,ges,ges,347,ges,152,170,218,108,244,204,444,317
2024-11-24 21:00:00,ges,330,ges,312,ges,ges,ges,360,ges,155,170,222,110,245,212,465,317
2024-11-24 21:15:00,ges,342,ges,318,ges,ges,ges,365,ges,156,170,223,111,248,213,470,317
2024-11-24 21:30:00,ges,350,ges,323,ges,ges,ges,365,ges,156,170,224,115,250,217,476,316
2024-11-24 21:45:00,ges,352,ges,324,ges,ges,ges,368,ges,160,170,225,114,251,220,484,316
2024-11-24 22:00:00,ges,356,ges,327,ges,ges,ges,371,ges,160,170,225,118,251,220,491,316
2024-11-24 22:15:00,ges,370,ges,329,ges,ges,ges,371,ges,162,170,222,123,251,218,493,316
2024-11-24 22:30:00,ges,370,ges,333,ges,ges,ges,372,ges,162,170,222,123,252,219,515,316
2024-11-24 22:45:00,ges,372,ges,334,ges,ges,ges,375,ges,163,170,221,122,252,219,537,317
2024-11-24 23:00:00,ges,375,ges,336,ges,ges,ges,374,ges,163,170,221,120,252,220,545,318
2024-11-24 23:15:00,ges,374,ges,337,ges,ges,ges,378,ges,163,170,225,118,251,221,549,318
2024-11-24 23:30:00,ges,374,ges,337,ges,ges,ges,378,ges,163,170,225,117,251,221,555,318
2024-11-24 23:45:00,ges,374,ges,337,ges,ges,ges,378,ges,163,170,226,118,251,221,558,318
2024-12-01 00:00:00,ges,639,ges,320,ges,ges,ges,692,232,161,168,222,127,244,138,456,294
2024-12-01 00:15:00,ges,641,ges,321,ges,ges,ges,692,237,161,168,222,127,244,140,457,295
2024-12-01 00:30:00,ges,641,ges,321,ges,ges,ges,692,239,161,168,222,127,244,140,458,294
2024-12-01 00:45:00,ges,641,ges,321,ges,ges,ges,692,240,161,168,222,127,244,140,462,295
2024-12-01 01:00:00,ges,641,ges,321,ges,ges,ges,692,240,161,168,222,127,244,140,471,295
2024-12-01 01:15:00,ges,641,ges,321,ges,ges,ges,692,241,161,168,222,127,244,140,474,294
2024-12-01 01:30:00,ges,641,ges,321,ges,ges,ges,692,241,161,168,222,127,244,140,494,294
2024-12-01 01:45:00,ges,641,ges,321,ges,ges,ges,692,242,161,168,222,127,244,140,503,295
2024-12-01 02:00:00,ges,641,ges,321,ges,ges,ges,692,242,161,168,222,127,244,140,504,295
2024-12-01 02:15:00,ges,641,ges,321,ges,ges,ges,692,242,161,168,222,127,244,140,505,294
2024-12-01 02:30:00,ges,641,ges,321,ges,ges,ges,692,242,161,168,222,127,244,140,506,299
2024-12-01 02:45:00,ges,641,ges,321,ges,ges,ges,692,242,161,168,222,127,244,140,507,299
2024-12-01 03:00:00,ges,641,ges,321,ges,ges,ges,692,242,161,168,222,127,244,140,506,299
2024-12-01 03:15:00,ges,641,ges,321,ges,ges,ges,692,242,161,168,222,127,244,140,510,302
2024-12-01 03:30:00,ges,641,ges,321,ges,ges,ges,692,242,161,168,222,127,244,140,512,304
2024-12-01 03:45:00,ges,641,ges,321,ges,ges,ges,692,242,161,168,222,127,244,140,512,305
2024-12-01 04:00:00,ges,641,ges,321,ges,ges,ges,692,243,161,168,222,127,244,140,514,307
2024-12-01 04:15:00,ges,641,ges,321,ges,ges,ges,692,243,161,168,222,127,244,140,515,307
2024-12-01 04:30:00,ges,641,ges,321,ges,ges,ges,692,243,161,168,222,127,244,140,516,307
2024-12-01 04:45:00,ges,641,ges,321,ges,ges,ges,692,243,161,168,222,127,244,140,516,307
2024-12-01 05:00:00,ges,641,ges,321,ges,ges,ges,692,244,161,168,222,127,244,140,517,307
2024-12-01 05:15:00,ges,641,ges,321,ges,ges,ges,692,244,161,168,222,127,244,140,517,309
2024-12-01 05:30:00,ges,641,ges,321,ges,ges,ges,692,244,161,168,222,127,244,140,517,310
2024-12-01 05:45:00,ges,641,ges,321,ges,ges,ges,692,244,161,168,222,127,244,140,517,310
2024-12-01 06:00:00,ges,641,ges,321,ges,ges,ges,692,244,161,168,222,127,244,140,517,310
2024-12-01 06:15:00,ges,641,ges,321,ges,ges,ges,692,244,161,168,222,127,244,140,517,310
2024-12-01 06:30:00,ges,641,ges,321,ges,ges,ges,692,244,161,168,222,127,244,140,517,310
2024-12-01 06:45:00,ges,641,ges,321,ges,ges,ges,692,244,161,168,222,127,244,140,517,311
2024-12-01 07:00:00,ges,641,ges,321,ges,ges,ges,692,246,161,168,222,127,244,140,517,311
2024-12-01 07:15:00,ges,641,ges,321,ges,ges,ges,692,246,161,168,222,127,244,140,517,311
2024-12-01 07:30:00,ges,641,ges,321,ges,ges,ges,692,246,161,168,222,127,244,140,518,311
2024-12-01 07:45:00,ges,641,ges,321,ges,ges,ges,692,245,161,168,222,127,244,140,516,312
2024-12-01 08:00:00,ges,641,ges,321,ges,ges,ges,692,245,161,168,222,127,244,140,516,312
2024-12-01 08:15:00,ges,641,ges,321,ges,ges,ges,692,245,161,168,222,127,244,140,516,312
2024-12-01 08:30:00,ges,641,ges,321,ges,ges,ges,692,245,161,168,222,127,244,140,517,312
2024-12-01 08:45:00,ges,641,ges,321,ges,ges,ges,692,245,161,168,222,127,244,140,515,312
2024-12-01 09:00:00,ges,661,ges,342,ges,ges,ges,692,244,161,168,217,137,256,150,515,311
2024-12-01 09:15:00,ges,659,ges,339,ges,ges,ges,690,245,161,168,213,134,256,152,516,311
2024-12-01 09:30:00,ges,656,ges,336,ges,ges,ges,656,243,161,168,210,135,257,152,515,312
2024-12-01 09:45:00,ges,646,ges,330,ges,ges,ges,649,241,161,168,198,132,256,151,514,312
2024-12-01 10:00:00,ges,633,ges,321,63,ges,354,626,238,160,168,187,133,259,158,513,312
2024-12-01 10:15:00,ges,623,ges,309,63,ges,354,610,233,156,168,178,137,260,164,512,312
2024-12-01 10:30:00,ges,617,ges,293,63,ges,354,590,228,154,168,176,136,268,174,505,312
2024-12-01 10:45:00,ges,615,ges,268,63,ges,354,566,219,151,168,166,133,276,180,494,310
2024-12-01 11:00:00,ges,612,ges,258,63,ges,354,555,210,143,168,156,133,287,179,486,309
2024-12-01 11:15:00,ges,597,ges,250,63,50,354,527,205,134,168,144,135,301,181,472,308
2024-12-01 11:30:00,ges,579,ges,240,63,50,354,512,207,125,168,127,133,303,177,461,306
2024-12-01 11:45:00,ges,557,ges,222,63,50,354,491,201,120,168,128,130,303,175,442,305
2024-12-01 12:00:00,ges,536,ges,210,3,50,354,478,195,113,168,116,135,297,169,424,306
2024-12-01 12:15:00,ges,520,62,192,3,50,354,450,194,108,168,105,133,297,168,412,306
2024-12-01 12:30:00,ges,514,57,189,8,50,354,434,189,106,168,99,129,305,161,409,304
2024-12-01 12:45:00,ges,516,51,178,bes,50,354,411,187,99,168,98,129,295,155,395,306
2024-12-01 13:00:00,ges,517,47,186,bes,50,354,398,180,88,168,102,126,298,148,384,306
2024-12-01 13:15:00,ges,507,44,186,20,50,354,397,182,93,168,100,131,297,143,388,307
2024-12-01 13:30:00,ges,508,43,187,bes,50,354,374,183,86,168,97,135,292,146,382,307
2024-12-01 13:45:00,ges,499,46,178,bes,50,354,362,177,85,168,82,134,281,131,365,306
2024-12-01 14:00:00,ges,498,40,167,bes,ges,354,360,172,84,168,81,129,274,127,366,302
2024-12-01 14:30:00,ges,493,32,149,10,ges,354,335,159,80,168,70,127,269,137,394,305
2024-12-01 15:00:00,ges,487,16,142,19,ges,354,298,147,76,168,58,125,258,129,392,305
2024-12-01 15:15:00,ges,487,10,135,26,ges,354,288,141,72,168,56,128,253,130,385,306
2024-12-01 15:45:00,ges,464,9,115,48,ges,354,263,132,72,168,49,128,254,120,385,306
2024-12-01 16:15:00,ges,459,14,110,60,ges,354,251,119,68,168,36,125,232,116,385,306
2024-12-01 16:30:00,ges,446,16,106,63,ges,354,247,118,71,168,29,132,230,117,383,309
2024-12-01 16:45:00,ges,442,15,105,63,ges,354,251,106,61,168,17,134,227,128,355,310
2024-12-01 17:15:00,ges,440,25,115,63,ges,354,246,112,69,168,28,135,221,130,347,313
2024-12-01 17:45:00,ges,386,3,111,63,ges,354,276,127,71,168,29,135,225,129,338,309
2024-12-01 18:15:00,ges,369,bes,118,63,ges,354,302,143,74,168,47,121,236,140,319,309
2024-12-01 18:45:00,ges,393,7,137,ges,ges,354,339,165,91,168,59,121,253,151,332,307
2024-12-01 19:00:00,ges,404,6,138,ges,ges,ges,368,177,93,168,83,118,266,156,348,307
2024-12-01 19:15:00,ges,414,4,156,ges,ges,ges,396,ges,100,168,93,128,277,161,359,308
2024-12-01 19:30:00,ges,440,19,176,ges,ges,ges,427,ges,105,168,109,126,298,163,362,310
2024-12-01 19:45:00,ges,463,27,202,ges,ges,ges,450,ges,111,168,129,121,299,168,383,309
2024-12-01 20:00:00,ges,485,45,213,ges,ges,ges,487,ges,119,168,145,121,305,171,405,310
2024-12-01 20:15:00,ges,556,79,236,ges,ges,ges,530,ges,126,170,165,126,309,171,418,309
2024-12-01 20:30:00,ges,618,95,279,ges,ges,ges,579,ges,139,170,188,137,328,187,425,308
2024-12-01 21:00:00,ges,630,107,303,ges,ges,ges,631,ges,151,170,202,151,334,197,439,309
2024-12-01 21:30:00,ges,649,ges,311,ges,ges,ges,655,ges,154,170,218,158,341,200,460,313
2024-12-01 21:45:00,ges,656,ges,322,ges,ges,ges,660,ges,155,170,220,156,344,201,468,314
2024-12-01 22:00:00,ges,663,ges,328,ges,ges,ges,663,ges,155,170,226,160,346,205,474,314
2024-12-01 22:15:00,ges,662,ges,340,ges,ges,ges,666,ges,157,170,228,160,350,209,476,314
2024-12-01 22:30:00,ges,662,ges,347,ges,ges,ges,667,ges,160,170,229,170,349,215,491,317
2024-12-01 22:45:00,ges,651,ges,350,ges,ges,ges,670,ges,160,170,230,170,352,215,505,320
2024-12-01 23:00:00,ges,653,ges,351,ges,ges,ges,673,ges,161,170,230,171,353,216,520,321
2024-12-01 23:30:00,ges,653,ges,351,ges,ges,ges,676,ges,161,170,230,169,351,217,529,321
2024-12-01 23:45:00,ges,653,ges,353,ges,ges,ges,676,ges,161,170,230,168,351,218,529,321
2024-12-08 00:00:00,ges,610,ges,306,ges,ges,bes,691,ges,164,160,222,138,264,147,452,248
2024-12-08 00:15:00,ges,615,ges,308,ges,ges,bes,692,ges,164,160,223,141,269,153,466,254
2024-12-08 00:30:00,ges,615,ges,308,ges,ges,bes,692,ges,164,160,223,141,269,153,471,258
2024-12-08 00:45:00,ges,615,ges,308,ges,ges,bes,692,ges,164,160,223,141,269,153,479,264
2024-12-08 01:00:00,ges,615,ges,308,ges,ges,bes,692,ges,164,160,223,141,269,153,482,269
2024-12-08 01:15:00,ges,615,ges,308,ges,ges,bes,692,ges,164,160,223,141,269,153,495,274
2024-12-08 01:30:00,ges,615,ges,308,ges,ges,bes,692,ges,164,160,223,141,269,153,496,280
2024-12-08 01:45:00,ges,615,ges,308,ges,ges,bes,692,ges,164,160,223,141,269,153,501,284
2024-12-08 02:00:00,ges,615,ges,308,ges,ges,bes,692,ges,164,160,223,141,269,153,518,286
2024-12-08 02:15:00,ges,615,ges,308,ges,ges,bes,692,ges,164,160,223,141,269,153,520,292
2024-12-08 02:30:00,ges,615,ges,308,ges,ges,bes,692,ges,164,160,223,141,269,153,519,292
2024-12-08 02:45:00,ges,615,ges,308,ges,ges,bes,692,ges,164,160,223,141,269,153,519,293
2024-12-08 03:00:00,ges,615,ges,308,ges,ges,bes,692,ges,164,160,223,141,269,153,520,294
2024-12-08 03:15:00,ges,615,ges,308,ges,ges,bes,692,ges,164,160,223,141,269,153,521,296
2024-12-08 03:30:00,ges,615,ges,308,ges,ges,bes,692,ges,164,160,223,141,269,153,523,298
2024-12-08 03:45:00,ges,615,ges,308,ges,ges,bes,692,ges,164,160,223,141,269,153,523,299
2024-12-08 04:00:00,ges,615,ges,308,ges,ges,bes,692,ges,164,160,223,141,269,153,523,300
2024-12-08 04:15:00,ges,615,ges,308,ges,ges,bes,692,ges,164,160,223,141,269,153,523,302
2024-12-08 04:30:00,ges,615,ges,308,ges,ges,bes,692,ges,164,160,223,141,269,153,523,302
2024-12-08 04:45:00,ges,615,ges,308,ges,ges,bes,692,ges,164,160,223,141,269,153,523,302
2024-12-08 05:00:00,ges,615,ges,308,ges,ges,bes,692,ges,164,160,223,141,269,153,523,303
2024-12-08 05:15:00,ges,615,ges,308,ges,ges,bes,692,ges,164,160,223,141,269,153,523,303
2024-12-08 05:30:00,ges,615,ges,308,ges,ges,bes,692,ges,164,160,223,141,269,153,524,304
2024-12-08 05:45:00,ges,615,ges,308,ges,ges,bes,692,ges,164,160,223,141,269,153,524,305
2024-12-08 06:00:00,ges,615,ges,308,ges,ges,bes,692,ges,164,160,223,141,269,153,524,307
2024-12-08 06:15:00,ges,615,ges,308,ges,ges,bes,692,ges,164,160,223,141,269,153,526,307
2024-12-08 06:30:00,ges,615,ges,308,ges,ges,bes,692,ges,164,160,223,141,269,153,526,308
2024-12-08 06:45:00,ges,615,ges,308,ges,ges,bes,692,ges,164,160,223,141,269,153,526,308
2024-12-08 07:00:00,ges,615,ges,308,ges,ges,bes,692,ges,164,160,223,141,269,153,526,308
2024-12-08 07:15:00,ges,615,ges,308,ges,ges,bes,692,ges,164,160,223,141,269,153,527,308
2024-12-08 07:30:00,ges,615,ges,308,ges,ges,bes,692,ges,164,160,223,141,269,153,527,308
2024-12-08 07:45:00,ges,615,ges,308,ges,ges,bes,692,ges,164,160,223,141,269,153,527,308
2024-12-08 08:00:00,ges,615,ges,308,ges,ges,bes,692,ges,164,160,223,141,269,153,528,308
2024-12-08 08:15:00,ges,615,ges,308,ges,ges,bes,692,ges,164,160,223,141,269,153,528,308
2024-12-08 08:30:00,ges,615,ges,308,ges,ges,bes,692,ges,164,160,223,141,269,153,528,308
2024-12-08 08:45:00,ges,615,ges,308,ges,ges,bes,692,ges,164,160,223,141,269,153,527,308
2024-12-08 09:00:00,ges,615,ges,308,ges,ges,bes,692,ges,164,160,223,141,269,153,527,308
2024-12-08 09:15:00,ges,639,ges,353,ges,ges,bes,688,ges,163,160,214,137,283,155,527,308
2024-12-08 09:30:00,ges,630,ges,347,ges,ges,bes,680,ges,163,160,204,137,284,157,527,308
2024-12-08 09:45:00,ges,621,ges,344,ges,ges,212,671,ges,163,160,196,135,287,148,524,308
2024-12-08 10:00:00,ges,609,ges,334,ges,ges,212,647,ges,161,160,168,134,290,148,518,308
2024-12-08 10:15:00,ges,599,ges,316,31,200,212,625,ges,157,160,168,131,291,157,501,309
2024-12-08 10:30:00,ges,590,ges,308,31,200,212,611,ges,153,160,166,139,301,164,494,309
2024-12-08 10:45:00,ges,583,ges,294,33,200,212,591,ges,148,160,158,135,305,164,471,310
2024-12-08 11:00:00,ges,566,ges,280,33,200,212,565,ges,144,160,146,133,311,171,448,307
2024-12-08 11:15:00,ges,543,ges,266,34,200,212,535,ges,135,160,130,137,314,172,431,311
2024-12-08 11:30:00,ges,525,ges,257,35,200,212,504,ges,125,160,122,138,318,173,420,311
2024-12-08 11:45:00,ges,512,ges,236,35,200,212,475,ges,119,160,112,142,324,168,390,310
2024-12-08 12:00:00,ges,504,88,227,37,200,212,458,ges,110,170,101,141,321,174,363,309
2024-12-08 12:15:00,ges,495,84,222,38,200,212,435,ges,100,170,107,150,318,176,360,308
2024-12-08 12:30:00,ges,471,79,218,40,200,212,431,ges,95,170,109,150,318,173,354,305
2024-12-08 12:45:00,ges,461,79,201,44,200,212,419,ges,89,170,109,147,317,177,344,306
2024-12-08 13:00:00,ges,457,77,188,48,200,212,410,ges,83,170,113,148,308,174,364,305
2024-12-08 13:15:00,ges,454,72,178,52,200,212,392,ges,80,169,110,146,307,154,372,305
2024-12-08 13:30:00,ges,447,64,173,55,200,212,369,ges,69,169,100,141,286,149,383,303
2024-12-08 13:45:00,ges,442,60,159,60,200,212,327,188,58,169,94,132,272,145,383,304
2024-12-08 14:00:00,ges,435,55,148,bes,200,212,308,184,53,169,88,127,265,137,370,302
2024-12-08 14:15:00,ges,420,46,145,bes,200,212,291,185,44,169,71,126,262,130,387,302
2024-12-08 14:30:00,ges,411,48,140,bes,200,212,265,184,42,169,50,123,255,129,414,304
2024-12-08 14:45:00,ges,397,44,140,bes,200,212,255,171,49,169,41,124,255,121,420,307
2024-12-08 15:00:00,ges,384,45,135,bes,200,212,233,161,47,169,34,127,235,126,415,308
2024-12-08 15:15:00,ges,367,36,123,bes,200,212,202,147,40,169,35,136,222,121,410,309
2024-12-08 15:30:00,ges,344,bes,119,bes,200,212,171,138,40,169,39,129,215,118,406,309
2024-12-08 15:45:00,ges,308,bes,109,bes,200,212,154,117,37,169,36,127,208,112,407,309
2024-12-08 16:00:00,ges,267,bes,86,bes,200,212,131,107,31,169,17,116,206,99,402,310
2024-12-08 16:15:00,ges,248,bes,63,bes,200,212,97,96,27,169,19,104,199,92,397,308
2024-12-08 16:30:00,ges,245,bes,49,63,200,212,69,91,20,169,5,101,190,100,392,309
2024-12-08 16:45:00,ges,233,bes,47,63,200,212,56,81,15,169,16,107,173,94,379,308
2024-12-08 17:00:00,ges,237,bes,38,63,200,212,50,73,16,169,22,102,169,92,365,308
2024-12-08 17:15:00,ges,249,1,39,63,200,212,45,78,34,169,22,102,173,88,358,308
2024-12-08 17:30:00,ges,256,2,43,63,200,212,62,87,36,169,13,98,181,81,363,309
2024-12-08 17:45:00,ges,270,bes,46,63,200,212,100,98,42,169,24,95,180,89,353,310
2024-12-08 18:00:00,ges,292,bes,66,63,200,212,123,121,54,169,31,96,198,94,336,311
2024-12-08 18:15:00,ges,316,2,75,63,200,212,177,151,62,169,38,108,207,94,331,311
2024-12-08 18:30:00,ges,332,3,97,ges,200,212,235,167,70,169,58,114,219,99,331,311
2024-12-08 18:45:00,ges,356,16,115,ges,200,212,305,179,76,169,73,119,234,102,334,312
2024-12-08 19:00:00,ges,415,29,124,ges,200,212,347,ges,86,169,89,120,254,114,330,310
2024-12-08 19:15:00,ges,445,44,144,ges,200,ges,395,ges,92,169,101,123,266,119,321,311
2024-12-08 19:30:00,ges,465,58,169,ges,200,ges,453,ges,101,169,108,130,272,126,330,313
2024-12-08 19:45:00,ges,498,92,206,ges,200,ges,502,ges,117,169,120,123,278,129,335,314
2024-12-08 20:00:00,ges,525,105,231,ges,200,ges,539,ges,125,169,143,132,286,145,350,316
2024-12-08 20:15:00,ges,541,114,260,ges,200,ges,585,ges,134,168,161,136,297,156,396,316
2024-12-08 20:30:00,ges,571,127,288,ges,200,ges,626,ges,141,168,189,141,314,181,416,316
2024-12-08 20:45:00,ges,593,129,302,ges,200,ges,641,ges,142,168,200,149,328,194,433,316
2024-12-08 21:00:00,ges,608,133,317,ges,200,ges,652,ges,147,168,207,151,335,197,444,316
2024-12-08 21:15:00,ges,617,ges,320,ges,200,ges,663,ges,151,168,211,153,337,200,447,316
2024-12-08 21:30:00,ges,627,ges,328,ges,200,ges,669,ges,153,168,219,152,340,204,451,315
2024-12-08 21:45:00,ges,636,ges,335,ges,200,ges,680,ges,155,168,227,152,342,202,458,315
2024-12-08 22:00:00,ges,645,ges,337,ges,200,ges,685,ges,159,168,230,153,342,204,468,315
2024-12-08 22:15:00,ges,647,ges,342,ges,200,ges,688,ges,159,168,229,155,343,205,476,315
2024-12-08 22:30:00,ges,648,ges,342,ges,200,ges,691,ges,160,168,231,164,345,208,488,315
2024-12-08 22:45:00,ges,648,ges,343,ges,200,ges,692,ges,160,168,231,163,345,206,502,316
2024-12-08 23:00:00,ges,649,ges,343,ges,200,ges,693,ges,160,168,230,163,345,206,508,318
2024-12-08 23:15:00,ges,651,ges,344,ges,200,ges,693,ges,161,168,230,162,345,206,512,319
2024-12-08 23:30:00,ges,651,ges,347,ges,200,ges,693,ges,162,168,230,163,347,208,529,319
2024-12-08 23:45:00,ges,651,ges,356,ges,200,ges,693,ges,162,168,230,164,349,209,536,319
2024-12-15 00:00:00,ges,630,ges,328,ges,ges,ges,679,ges,158,171,197,116,242,152,453,291
2024-12-15 00:15:00,ges,630,ges,330,ges,ges,ges,680,ges,158,171,199,121,248,153,455,292
2024-12-15 00:30:00,ges,630,ges,330,ges,ges,ges,680,ges,158,171,199,121,248,153,460,293
2024-12-15 00:45:00,ges,630,ges,330,ges,ges,ges,680,ges,158,171,199,121,248,153,466,299
2024-12-15 01:00:00,ges,630,ges,330,ges,ges,ges,680,ges,158,171,199,121,248,153,466,300
2024-12-15 01:15:00,ges,630,ges,330,ges,ges,ges,680,ges,158,171,199,121,248,153,471,301
2024-12-15 01:30:00,ges,630,ges,330,ges,ges,ges,680,ges,158,171,199,121,248,153,481,300
2024-12-15 01:45:00,ges,630,ges,330,ges,ges,ges,680,ges,158,171,199,121,248,153,501,301
2024-12-15 02:00:00,ges,630,ges,330,ges,ges,ges,680,ges,158,171,199,121,248,153,511,302
2024-12-15 02:15:00,ges,630,ges,330,ges,ges,ges,680,ges,158,171,199,121,248,153,513,302
2024-12-15 02:30:00,ges,630,ges,330,ges,ges,ges,680,ges,158,171,199,121,248,153,513,302
2024-12-15 02:45:00,ges,630,ges,330,ges,ges,ges,680,ges,158,171,199,121,248,153,513,302
2024-12-15 03:00:00,ges,630,ges,330,ges,ges,ges,680,ges,158,171,199,121,248,153,513,302
2024-12-15 03:15:00,ges,630,ges,330,ges,ges,ges,680,ges,158,171,199,121,248,153,514,302
2024-12-15 03:30:00,ges,630,ges,330,ges,ges,ges,680,ges,158,171,199,121,248,153,516,303
2024-12-15 03:45:00,ges,630,ges,330,ges,ges,ges,680,ges,158,171,199,121,248,153,517,305
2024-12-15 04:00:00,ges,630,ges,330,ges,ges,ges,680,ges,158,171,199,121,248,153,517,305
2024-12-15 04:15:00,ges,630,ges,330,ges,ges,ges,680,ges,158,171,199,121,248,153,519,305
2024-12-15 04:30:00,ges,630,ges,330,ges,ges,ges,680,ges,158,171,199,121,248,153,519,306
2024-12-15 04:45:00,ges,630,ges,330,ges,ges,ges,680,ges,158,171,199,121,248,153,520,309
2024-12-15 05:00:00,ges,630,ges,330,ges,ges,ges,680,ges,158,171,199,121,248,153,522,311
2024-12-15 05:15:00,ges,630,ges,330,ges,ges,ges,680,ges,158,171,199,121,248,153,522,311
2024-12-15 05:30:00,ges,630,ges,330,ges,ges,ges,680,ges,158,171,199,121,248,153,522,311
2024-12-15 05:45:00,ges,630,ges,330,ges,ges,ges,680,ges,158,171,199,121,248,153,522,311
2024-12-15 06:00:00,ges,630,ges,330,ges,ges,ges,680,ges,158,171,199,121,248,153,522,311
2024-12-15 06:15:00,ges,630,ges,330,ges,ges,ges,680,ges,158,171,199,121,248,153,522,311
2024-12-15 06:30:00,ges,630,ges,330,ges,ges,ges,680,ges,158,171,199,121,248,153,522,311
2024-12-15 06:45:00,ges,630,ges,330,ges,ges,ges,680,ges,158,171,199,121,248,153,521,311
2024-12-15 07:00:00,ges,630,ges,330,ges,ges,ges,680,ges,158,171,199,121,248,153,520,311
2024-12-15 07:15:00,ges,630,ges,330,ges,ges,ges,680,ges,158,171,199,121,248,153,520,312
2024-12-15 07:30:00,ges,630,ges,330,ges,ges,ges,680,ges,158,171,199,121,248,153,520,312
2024-12-15 07:45:00,ges,630,ges,330,ges,ges,ges,680,ges,158,171,199,121,248,153,520,312
2024-12-15 08:00:00,ges,630,ges,330,ges,ges,ges,680,ges,158,171,199,121,248,153,520,312
2024-12-15 08:15:00,ges,630,ges,330,ges,ges,ges,680,ges,158,171,199,121,248,153,521,312
2024-12-15 08:30:00,ges,630,ges,330,ges,ges,ges,680,ges,158,171,199,121,248,153,521,312
2024-12-15 08:45:00,ges,630,ges,330,ges,ges,ges,680,ges,158,171,199,121,248,153,521,312
2024-12-15 09:00:00,ges,631,ges,347,ges,ges,ges,677,ges,159,171,197,116,249,149,520,313
2024-12-15 09:15:00,ges,627,ges,344,ges,ges,ges,673,ges,160,171,190,115,248,150,521,314
2024-12-15 09:30:00,ges,619,ges,335,ges,ges,ges,662,ges,160,171,183,113,248,152,521,314
2024-12-15 09:45:00,ges,612,ges,332,ges,ges,ges,639,ges,160,171,165,111,248,151,521,314
2024-12-15 10:00:00,ges,610,ges,325,63,ges,ges,631,240,160,171,156,107,246,157,521,314
2024-12-15 10:15:00,ges,599,ges,316,3,25,ges,612,227,155,171,158,102,252,158,521,313
2024-12-15 10:30:00,ges,592,ges,305,30,25,ges,602,226,151,171,151,102,260,157,514,313
2024-12-15 10:45:00,ges,577,ges,298,30,25,ges,588,222,148,171,150,108,267,158,504,313
2024-12-15 11:00:00,ges,557,ges,287,30,25,ges,562,220,147,171,136,108,266,162,495,311
2024-12-15 11:15:00,ges,543,ges,275,31,25,ges,537,212,143,171,128,107,267,167,490,311
2024-12-15 11:30:00,ges,523,ges,261,32,25,ges,494,207,138,171,120,112,274,179,490,311
2024-12-15 11:45:00,ges,501,ges,251,33,25,ges,471,203,129,171,106,107,274,177,487,308
2024-12-15 12:00:00,ges,487,116,234,34,25,ges,434,193,115,171,101,109,278,173,478,308
2024-12-15 12:15:00,ges,470,115,222,35,25,ges,412,190,110,171,98,109,275,169,462,308
2024-12-15 12:30:00,ges,461,100,201,36,25,ges,385,187,104,171,82,109,272,164,435,305
2024-12-15 12:45:00,ges,445,106,189,39,25,ges,374,181,96,171,76,106,268,165,430,307
2024-12-15 13:00:00,ges,442,107,165,41,bes,ges,356,176,92,171,77,104,262,155,427,306
2024-12-15 13:15:00,ges,443,100,135,bes,bes,ges,335,175,81,170,75,99,257,139,415,308
2024-12-15 13:30:00,ges,438,105,118,bes,bes,ges,320,177,78,170,62,106,247,133,422,304
2024-12-15 13:45:00,ges,438,100,112,bes,bes,ges,291,169,66,170,58,107,248,135,413,304
2024-12-15 14:00:00,ges,433,99,109,bes,bes,ges,267,164,64,170,63,109,240,134,399,300
2024-12-15 14:15:00,ges,427,101,91,bes,bes,ges,252,155,58,170,57,112,230,137,389,301
2024-12-15 14:30:00,ges,436,102,88,bes,bes,ges,240,158,55,170,52,119,230,137,386,296
2024-12-15 14:45:00,ges,433,99,94,bes,bes,ges,229,154,50,170,49,124,227,145,370,291
2024-12-15 15:00:00,ges,423,103,97,32,bes,ges,220,149,46,170,45,124,227,129,368,292
2024-12-15 15:15:00,ges,413,99,99,38,bes,ges,191,150,42,170,51,126,227,130,369,293
2024-12-15 15:30:00,ges,393,85,95,47,bes,ges,189,147,42,170,40,128,229,121,357,293
2024-12-15 15:45:00,ges,376,77,107,bes,bes,ges,170,138,41,170,28,125,232,118,360,293
2024-12-15 16:00:00,ges,359,56,86,bes,bes,ges,149,139,37,170,24,125,228,114,368,295
2024-12-15 16:15:00,ges,339,47,83,bes,bes,ges,116,139,33,170,26,130,214,118,372,296
2024-12-15 16:30:00,ges,310,31,78,15,bes,ges,100,139,37,170,22,127,206,113,361,295
2024-12-15 16:45:00,ges,282,34,68,20,bes,ges,97,133,35,170,26,123,205,120,345,292
2024-12-15 17:00:00,ges,256,38,66,28,bes,ges,99,136,34,170,32,118,208,115,351,292
2024-12-15 17:15:00,ges,263,32,59,34,bes,ges,92,136,28,170,40,125,206,109,378,295
2024-12-15 17:30:00,ges,268,34,68,24,bes,ges,110,137,36,170,55,123,216,109,398,296
2024-12-15 17:45:00,ges,278,41,68,32,bes,ges,129,146,30,170,57,117,222,107,404,295
2024-12-15 18:00:00,ges,294,44,82,40,bes,ges,169,163,36,170,57,111,232,108,389,295
2024-12-15 18:15:00,ges,311,47,94,50,bes,ges,195,168,42,170,58,106,241,119,383,296
2024-12-15 18:30:00,ges,332,54,101,59,bes,ges,222,174,47,170,71,109,253,130,381,299
2024-12-15 18:45:00,ges,358,67,104,ges,bes,ges,278,181,57,170,97,113,262,134,387,304
2024-12-15 19:00:00,ges,402,78,121,ges,bes,ges,327,181,66,170,107,118,268,139,384,308
2024-12-15 19:15:00,ges,437,91,149,ges,ges,ges,379,ges,77,170,129,119,274,145,368,309
2024-12-15 19:30:00,ges,474,101,172,ges,ges,ges,411,ges,87,170,143,133,282,147,366,308
2024-12-15 19:45:00,ges,516,112,198,ges,ges,ges,441,ges,101,170,161,133,292,154,373,312
2024-12-15 20:00:00,ges,543,123,230,ges,ges,ges,482,ges,110,170,178,134,294,163,388,313
2024-12-15 20:15:00,ges,567,138,266,ges,ges,ges,534,ges,120,168,189,139,307,165,427,315
2024-12-15 20:30:00,ges,581,142,293,ges,ges,ges,586,ges,133,168,217,145,327,188,425,316
2024-12-15 20:45:00,ges,591,146,304,ges,ges,ges,605,ges,139,168,225,154,339,196,442,316
2024-12-15 21:00:00,ges,602,148,315,ges,ges,ges,619,ges,144,168,228,160,343,199,447,317
2024-12-15 21:15:00,ges,611,ges,324,ges,ges,ges,622,ges,145,168,235,163,345,203,454,318
2024-12-15 21:30:00,ges,620,ges,328,ges,ges,ges,627,ges,152,168,242,163,348,205,457,318
2024-12-15 21:45:00,ges,630,ges,336,ges,ges,ges,636,ges,153,168,241,161,347,208,463,318
2024-12-15 22:00:00,ges,640,ges,343,ges,ges,ges,642,ges,156,168,242,157,345,207,471,320
2024-12-15 22:15:00,ges,640,ges,344,ges,ges,ges,644,ges,156,168,244,166,348,211,478,320
2024-12-15 22:30:00,ges,641,ges,347,ges,ges,ges,646,ges,156,168,244,171,350,208,486,322
2024-12-15 22:45:00,ges,643,ges,352,ges,ges,ges,646,ges,156,168,244,172,350,209,524,322
2024-12-15 23:00:00,ges,644,ges,355,ges,ges,ges,647,ges,161,168,244,173,349,210,528,322
2024-12-15 23:15:00,ges,645,ges,356,ges,ges,ges,646,ges,161,168,245,174,350,211,541,322
2024-12-15 23:30:00,ges,645,ges,356,ges,ges,ges,647,ges,161,168,245,175,353,211,548,322
2024-12-15 23:45:00,ges,645,ges,357,ges,ges,ges,646,ges,161,168,244,175,355,211,550,322
2024-12-22 00:00:00,ges,643,ges,331,ges,ges,ges,670,ges,166,182,192,157,223,139,468,296
2024-12-22 00:15:00,ges,643,ges,335,ges,ges,ges,671,ges,166,182,193,157,223,143,486,298
2024-12-22 00:30:00,ges,643,ges,335,ges,ges,ges,671,ges,166,171,193,157,223,143,492,301
2024-12-22 00:45:00,ges,643,ges,335,ges,ges,ges,671,ges,166,171,193,157,223,143,495,305
2024-12-22 01:00:00,ges,643,ges,335,ges,ges,ges,671,ges,166,171,193,157,223,143,495,306
2024-12-22 01:15:00,ges,643,ges,335,ges,ges,ges,671,ges,166,171,193,157,223,143,499,305
2024-12-22 01:30:00,ges,643,ges,335,ges,ges,ges,671,ges,166,171,193,157,223,143,507,305
2024-12-22 01:45:00,ges,643,ges,335,ges,ges,ges,671,ges,166,171,193,157,223,143,518,306
2024-12-22 02:00:00,ges,643,ges,335,ges,ges,ges,671,ges,166,171,193,157,223,143,529,309
2024-12-22 02:15:00,ges,643,ges,335,ges,ges,ges,671,ges,166,171,193,157,223,143,534,309
2024-12-22 02:30:00,ges,643,ges,335,ges,ges,ges,671,ges,166,171,193,157,223,143,535,309
2024-12-22 02:45:00,ges,643,ges,335,ges,ges,ges,671,ges,166,171,193,157,223,143,535,311
2024-12-22 03:00:00,ges,643,ges,335,ges,ges,ges,671,ges,166,171,193,157,223,143,536,312
2024-12-22 03:15:00,ges,643,ges,335,ges,ges,ges,671,ges,166,171,193,157,223,143,535,312
2024-12-22 03:30:00,ges,643,ges,335,ges,ges,ges,671,ges,166,171,193,157,223,143,538,312
2024-12-22 03:45:00,ges,643,ges,335,ges,ges,ges,671,ges,166,171,193,157,223,143,539,314
2024-12-22 04:00:00,ges,643,ges,335,ges,ges,ges,671,ges,166,171,193,157,223,143,539,317
2024-12-22 04:15:00,ges,643,ges,335,ges,ges,ges,671,ges,166,171,193,157,223,143,540,317
2024-12-22 04:30:00,ges,643,ges,335,ges,ges,ges,671,ges,166,171,193,157,223,143,540,317
2024-12-22 04:45:00,ges,643,ges,335,ges,ges,ges,671,ges,166,171,193,157,223,143,541,317
2024-12-22 05:00:00,ges,643,ges,335,ges,ges,ges,671,ges,166,171,193,157,223,143,541,318
2024-12-22 05:15:00,ges,643,ges,335,ges,ges,ges,671,ges,166,171,193,157,223,143,541,318
2024-12-22 05:30:00,ges,643,ges,335,ges,ges,ges,671,ges,166,171,193,157,223,143,542,319
2024-12-22 05:45:00,ges,643,ges,335,ges,ges,ges,671,ges,166,171,193,157,223,143,542,319
2024-12-22 06:00:00,ges,643,ges,335,ges,ges,ges,671,ges,166,171,193,157,223,143,542,319
2024-12-22 06:15:00,ges,643,ges,335,ges,ges,ges,671,ges,166,171,193,157,223,143,542,319
2024-12-22 06:30:00,ges,643,ges,335,ges,ges,ges,671,ges,166,171,193,157,223,143,542,319
2024-12-22 06:45:00,ges,643,ges,335,ges,ges,ges,671,ges,166,171,193,157,223,143,542,319
2024-12-22 07:00:00,ges,643,ges,335,ges,ges,ges,671,ges,166,171,193,157,223,143,542,319
2024-12-22 07:15:00,ges,643,ges,335,ges,ges,ges,671,ges,166,171,193,157,223,143,542,319
2024-12-22 07:30:00,ges,643,ges,335,ges,ges,ges,671,ges,166,171,193,157,223,143,542,319
2024-12-22 07:45:00,ges,643,ges,335,ges,ges,ges,671,ges,166,171,193,157,223,143,542,319
2024-12-22 08:00:00,ges,643,ges,335,ges,ges,ges,671,ges,166,171,193,157,223,143,542,319
2024-12-22 08:15:00,ges,643,ges,335,ges,ges,ges,671,ges,166,171,193,157,223,143,542,319
2024-12-22 08:30:00,ges,643,ges,335,ges,ges,ges,671,ges,166,171,193,157,223,143,542,319
2024-12-22 08:45:00,ges,643,ges,335,ges,ges,ges,671,ges,166,171,193,157,223,143,542,319
2024-12-22 09:00:00,ges,668,ges,347,ges,ges,ges,681,ges,166,171,190,137,235,139,542,319
2024-12-22 09:15:00,ges,657,ges,346,ges,ges,ges,681,ges,166,171,187,138,233,141,542,319
2024-12-22 09:30:00,ges,651,ges,343,ges,ges,ges,679,ges,166,171,182,138,234,142,543,319
2024-12-22 09:45:00,ges,642,ges,338,ges,ges,ges,673,ges,166,171,176,138,239,144,540,319
2024-12-22 10:00:00,ges,637,ges,333,63,ges,ges,645,236,166,171,167,141,236,143,541,319
2024-12-22 10:15:00,ges,627,ges,321,49,120,ges,630,235,163,171,167,146,241,145,534,319
2024-12-22 10:30:00,ges,621,ges,314,40,120,ges,620,234,160,171,175,147,247,150,523,319
2024-12-22 10:45:00,ges,620,ges,307,40,120,ges,608,231,159,171,172,152,254,155,517,320
2024-12-22 11:00:00,ges,615,ges,294,40,120,ges,589,227,155,171,161,148,262,166,511,317
2024-12-22 11:15:00,ges,598,ges,288,41,120,ges,564,223,152,171,156,158,279,168,494,316
2024-12-22 11:30:00,ges,585,ges,278,42,120,ges,545,216,146,171,158,161,278,172,481,314
2024-12-22 11:45:00,ges,565,ges,263,42,120,ges,530,218,140,171,146,157,278,174,476,313
2024-12-22 12:00:00,ges,549,131,248,42,120,ges,504,214,134,171,145,156,261,178,462,312
2024-12-22 12:15:00,ges,537,125,235,43,120,ges,487,211,134,171,140,152,258,178,451,312
2024-12-22 12:30:00,ges,526,119,224,44,120,ges,455,212,130,171,133,147,256,176,439,311
2024-12-22 12:45:00,ges,525,118,219,44,120,ges,440,209,120,171,126,148,253,173,434,307
2024-12-22 13:00:00,ges,527,119,215,45,120,ges,427,203,108,171,113,148,260,166,427,307
2024-12-22 13:15:00,ges,518,121,216,48,120,ges,399,202,99,171,102,152,253,161,422,307
2024-12-22 13:30:00,ges,511,119,206,48,120,ges,396,201,86,171,93,152,233,155,420,304
2024-12-22 13:45:00,ges,514,124,195,51,120,ges,385,203,83,171,84,152,228,157,416,300
2024-12-22 14:00:00,ges,503,125,185,52,120,ges,374,200,79,169,72,148,217,154,391,300
2024-12-22 14:15:00,ges,496,114,185,55,120,ges,363,197,74,169,67,145,205,156,383,302
2024-12-22 14:30:00,ges,489,110,169,56,120,ges,352,200,67,169,57,147,193,157,369,302
2024-12-22 14:45:00,ges,463,109,164,44,120,ges,343,192,60,169,61,148,182,147,366,301
2024-12-22 15:00:00,ges,472,113,166,47,120,ges,336,190,59,169,58,156,187,148,368,303
2024-12-22 15:15:00,ges,471,125,153,49,120,ges,330,182,49,169,71,159,188,138,368,303
2024-12-22 15:30:00,ges,451,116,143,54,120,ges,316,180,56,169,64,163,182,137,369,303
2024-12-22 15:45:00,ges,438,103,135,55,120,ges,298,174,51,169,55,165,181,128,367,304
2024-12-22 16:00:00,ges,436,95,126,59,120,ges,287,171,53,169,48,158,171,119,372,303
2024-12-22 16:15:00,ges,435,84,125,47,120,ges,260,173,48,169,21,158,165,112,366,303
2024-12-22 16:30:00,ges,415,82,123,52,120,ges,254,175,54,169,18,160,170,128,356,307
2024-12-22 16:45:00,ges,410,73,117,56,120,ges,252,168,52,169,26,151,176,136,365,307
2024-12-22 17:00:00,ges,409,63,102,45,120,ges,247,169,53,169,15,152,174,138,354,303
2024-12-22 17:15:00,ges,402,65,95,48,120,ges,247,170,61,169,10,155,172,137,341,302
2024-12-22 17:30:00,ges,392,60,82,54,120,ges,256,165,67,169,16,150,168,134,328,299
2024-12-22 17:45:00,ges,398,58,83,58,120,ges,247,167,63,169,11,150,166,135,317,301
2024-12-22 18:00:00,ges,410,57,78,40,120,ges,261,172,63,169,36,145,161,133,308,303
2024-12-22 18:15:00,ges,418,48,79,43,120,ges,275,178,65,169,37,147,172,135,304,302
2024-12-22 18:30:00,ges,433,59,79,48,120,ges,303,182,65,169,44,154,181,138,304,304
2024-12-22 18:45:00,ges,445,61,102,ges,120,ges,339,189,64,169,45,156,193,143,286,306
2024-12-22 19:00:00,ges,456,63,127,ges,120,ges,369,186,68,169,55,151,200,144,294,308
2024-12-22 19:15:00,ges,469,73,141,ges,ges,ges,399,ges,73,169,65,147,211,146,313,308
2024-12-22 19:30:00,ges,482,82,161,ges,ges,ges,442,ges,89,169,76,149,221,148,302,309
2024-12-22 19:45:00,ges,530,105,180,ges,ges,ges,484,ges,97,169,106,159,231,156,302,310
2024-12-22 20:00:00,ges,548,126,208,ges,ges,ges,535,ges,107,169,125,162,237,162,293,311
2024-12-22 20:15:00,ges,570,134,236,ges,ges,ges,579,ges,123,167,144,170,245,169,288,311
2024-12-22 20:30:00,ges,595,148,258,ges,ges,ges,605,ges,133,167,169,175,262,189,313,311
2024-12-22 20:45:00,ges,609,156,282,ges,ges,ges,634,ges,139,167,175,177,266,193,336,314
2024-12-22 21:00:00,ges,621,158,301,ges,ges,ges,650,ges,143,167,187,179,273,195,335,315
2024-12-22 21:15:00,ges,626,ges,308,ges,ges,ges,659,ges,150,167,191,184,278,196,343,316
2024-12-22 21:30:00,ges,633,ges,314,ges,ges,ges,664,ges,152,167,192,190,283,202,351,317
2024-12-22 21:45:00,ges,649,ges,325,ges,ges,ges,673,ges,156,167,189,190,286,201,359,317
2024-12-22 22:00:00,ges,654,ges,328,ges,ges,ges,681,ges,158,167,192,189,290,199,365,318
2024-12-22 22:15:00,ges,661,ges,334,ges,ges,ges,685,ges,160,167,196,189,293,203,403,319
2024-12-22 22:30:00,ges,670,ges,342,ges,ges,ges,687,ges,160,167,197,189,300,202,414,319
2024-12-22 22:45:00,ges,671,ges,347,ges,ges,ges,687,ges,162,167,201,189,305,205,447,319
2024-12-22 23:00:00,ges,674,ges,349,ges,ges,ges,690,ges,161,167,203,191,305,205,466,319
2024-12-22 23:15:00,ges,675,ges,352,ges,ges,ges,690,ges,161,167,209,193,306,205,474,319
2024-12-22 23:30:00,ges,678,ges,353,ges,ges,ges,692,ges,161,167,209,195,307,204,518,319
2024-12-22 23:45:00,ges,679,ges,351,ges,ges,ges,693,ges,161,167,211,198,310,205,524,319
