"PH Coesfelder Kreuz","PH Theater","PP Hörsterplatz","PH Alter Steinweg","Busparkplatz","PP Schlossplatz Nord","PP Schlossplatz Süd","PH Aegidii","PP Georgskommende","PH Münster Arkaden","PH Karstadt","PH Stubengasse","PH Bremer Platz","PH Engelenschanze","PH Bahnhofstraße","PH Cineplex","PH Stadthaus 3","Wochentag","PH Coesfelder Kreuz_Diff","PH Theater_Diff","PP Hörsterplatz_Diff","PH Alter Steinweg_Diff","Busparkplatz_Diff","PP Schlossplatz Nord_Diff","PP Schlossplatz Süd_Diff","PH Aegidii_Diff","PP Georgskommende_Diff","PH Münster Arkaden_Diff","PH Karstadt_Diff","PH Stubengasse_Diff","PH Bremer Platz_Diff","PH Engelenschanze_Diff","PH Bahnhofstraße_Diff","PH Cineplex_Diff","PH Stadthaus 3_Diff","Uhrzeit"
0,663,0,365,0,0,0,690,0,0,0,269,195,407,203,551,287,"Monday",0,5,0,-1,0,0,0,-60,0,0,0,11,12,-25,-11,-18,2,"00:00:00"
0,663,0,365,0,0,0,690,0,0,0,269,195,407,203,551,287,"Monday",0,0,0,0,0,0,0,0,0,0,0,0,0,0,0,0,0,"00:15:00"
0,663,0,365,0,0,0,690,0,0,0,269,195,407,203,551,287,"Monday",0,0,0,0,0,0,0,0,0,0,0,0,0,0,0,0,0,"00:30:00"
0,663,0,365,0,0,0,690,0,0,0,269,195,407,203,551,287,"Monday",0,0,0,0,0,0,0,0,0,0,0,0,0,0,0,0,0,"00:45:00"
0,663,0,365,0,0,0,690,0,0,0,269,195,407,203,551,287,"Monday",0,0,0,0,0,0,0,0,0,0,0,0,0,0,0,0,0,"01:00:00"
0,663,0,365,0,0,0,690,0,0,0,269,195,407,203,551,287,"Monday",0,0,0,0,0,0,0,0,0,0,0,0,0,0,0,0,0,"01:15:00"
0,663,0,365,0,0,0,690,0,0,0,269,195,407,203,551,287,"Monday",0,0,0,0,0,0,0,0,0,0,0,0,0,0,0,0,0,"01:30:00"
0,663,0,365,0,0,0,690,0,0,0,269,195,407,203,551,287,"Monday",0,0,0,0,0,0,0,0,0,0,0,0,0,0,0,0,0,"01:45:00"
0,663,0,365,0,0,0,690,0,0,0,269,195,407,203,551,287,"Monday",0,0,0,0,0,0,0,0,0,0,0,0,0,0,0,0,0,"02:00:00"
0,663,0,365,0,0,0,690,0,0,0,269,195,407,203,551,287,"Monday",0,0,0,0,0,0,0,0,0,0,0,0,0,0,0,0,0,"02:15:00"
0,663,0,365,0,0,0,690,0,0,0,269,195,407,203,551,287,"Monday",0,0,0,0,0,0,0,0,0,0,0,0,0,0,0,0,0,"02:30:00"
0,663,0,365,0,0,0,690,0,0,0,269,195,407,203,551,287,"Monday",0,0,0,0,0,0,0,0,0,0,0,0,0,0,0,0,0,"02:45:00"
0,663,0,365,0,0,0,690,0,0,0,269,195,407,203,551,287,"Monday",0,0,0,0,0,0,0,0,0,0,0,0,0,0,0,0,0,"03:00:00"
0,663,0,365,0,0,0,690,0,0,0,269,195,407,203,551,287,"Monday",0,0,0,0,0,0,0,0,0,0,0,0,0,0,0,0,0,"03:15:00"
0,663,0,365,0,0,0,690,0,0,0,269,195,407,203,551,287,"Monday",0,0,0,0,0,0,0,0,0,0,0,0,0,0,0,0,0,"03:30:00"
0,663,0,365,0,0,0,690,0,0,0,269,195,407,203,551,287,"Monday",0,0,0,0,0,0,0,0,0,0,0,0,0,0,0,0,0,"03:45:00"
0,663,0,365,0,0,0,690,0,0,0,269,195,407,203,551,287,"Monday",0,0,0,0,0,0,0,0,0,0,0,0,0,0,0,0,0,"04:00:00"
0,663,0,365,0,0,0,690,0,0,0,269,195,407,203,551,287,"Monday",0,0,0,0,0,0,0,0,0,0,0,0,0,0,0,0,0,"04:15:00"
0,663,0,365,0,0,0,690,0,0,0,269,195,407,203,551,287,"Monday",0,0,0,0,0,0,0,0,0,0,0,0,0,0,0,0,0,"04:30:00"
0,663,0,365,0,0,0,690,0,0,0,269,195,407,203,551,287,"Monday",0,0,0,0,0,0,0,0,0,0,0,0,0,0,0,0,0,"04:45:00"
0,663,0,365,0,0,0,690,0,0,0,269,195,407,203,551,287,"Monday",0,0,0,0,0,0,0,0,0,0,0,0,0,0,0,0,0,"05:00:00"
0,663,0,365,0,0,0,690,0,0,0,269,195,407,203,551,287,"Monday",0,0,0,0,0,0,0,0,0,0,0,0,0,0,0,0,0,"05:15:00"
0,663,0,365,0,0,0,690,0,0,0,269,195,407,203,551,287,"Monday",0,0,0,0,0,0,0,0,0,0,0,0,0,0,0,0,0,"05:30:00"
0,663,0,365,0,0,0,690,0,0,0,269,195,407,203,551,287,"Monday",0,0,0,0,0,0,0,0,0,0,0,0,0,0,0,0,0,"05:45:00"
0,663,0,365,0,0,0,690,0,0,0,269,195,407,203,551,287,"Monday",0,0,0,0,0,0,0,0,0,0,0,0,0,0,0,0,0,"06:00:00"
0,663,0,365,0,0,0,690,0,0,0,269,195,407,203,551,287,"Monday",0,0,0,0,0,0,0,0,0,0,0,0,0,0,0,0,0,"06:15:00"
0,663,0,365,0,0,0,690,0,0,0,269,195,407,203,551,287,"Monday",0,0,0,0,0,0,0,0,0,0,0,0,0,0,0,0,0,"06:30:00"
0,663,0,365,0,0,0,690,0,0,0,269,195,407,203,551,287,"Monday",0,0,0,0,0,0,0,0,0,0,0,0,0,0,0,0,0,"06:45:00"
0,663,0,365,0,0,0,690,0,0,0,269,195,407,203,551,287,"Monday",0,0,0,0,0,0,0,0,0,0,0,0,0,0,0,0,0,"07:00:00"
0,637,180,350,59,240,314,680,251,0,0,261,180,398,186,561,229,"Monday",0,-26,180,-15,59,240,314,-10,251,0,0,-8,-15,-9,-17,10,-58,"07:15:00"
0,633,176,344,59,240,314,674,250,150,0,258,177,390,183,555,225,"Monday",0,-4,-4,-6,0,0,0,-6,-1,150,0,-3,-3,-8,-3,-6,-4,"07:30:00"
0,619,172,339,59,240,314,669,249,150,0,253,174,385,179,546,222,"Monday",0,-14,-4,-5,0,0,0,-5,-1,0,0,-5,-3,-5,-4,-9,-3,"07:45:00"
0,611,160,323,56,240,314,664,247,150,0,250,178,373,168,538,217,"Monday",0,-8,-12,-16,-3,0,0,-5,-2,0,0,-3,4,-12,-11,-8,-5,"08:00:00"
0,597,154,310,46,240,314,661,247,150,0,245,168,369,158,528,213,"Monday",0,-14,-6,-13,-10,0,0,-3,0,0,0,-5,-10,-4,-10,-10,-4,"08:15:00"
0,582,139,308,48,240,314,656,247,149,0,238,155,360,153,522,212,"Monday",0,-15,-15,-2,2,0,0,-5,0,-1,0,-7,-13,-9,-5,-6,-1,"08:30:00"
0,575,125,301,57,240,314,650,242,142,0,229,152,349,143,515,214,"Monday",0,-7,-14,-7,9,0,0,-6,-5,-7,0,-9,-3,-11,-10,-7,2,"08:45:00"
0,562,111,291,61,240,314,637,236,123,0,222,146,337,136,506,204,"Monday",0,-13,-14,-10,4,0,0,-13,-6,-19,0,-7,-6,-12,-7,-9,-10,"09:00:00"
0,549,101,279,59,240,314,628,234,111,0,217,144,330,132,501,202,"Monday",0,-13,-10,-12,-2,0,0,-9,-2,-12,0,-5,-2,-7,-4,-5,-2,"09:15:00"
0,533,76,256,59,240,314,615,227,97,0,201,135,326,126,502,198,"Monday",0,-16,-25,-23,0,0,0,-13,-7,-14,0,-16,-9,-4,-6,1,-4,"09:30:00"
0,520,54,238,57,240,314,609,223,85,0,181,128,312,120,503,195,"Monday",0,-13,-22,-18,-2,0,0,-6,-4,-12,0,-20,-7,-14,-6,1,-3,"09:45:00"
0,500,23,215,56,240,314,599,217,69,0,162,120,285,115,497,196,"Monday",0,-20,-31,-23,-1,0,0,-10,-6,-16,0,-19,-8,-27,-5,-6,1,"10:00:00"
0,484,21,186,52,240,314,587,214,54,0,146,110,265,105,497,192,"Monday",0,-16,-2,-29,-4,0,0,-12,-3,-15,0,-16,-10,-20,-10,0,-4,"10:15:00"
0,474,16,170,53,240,314,578,210,41,0,136,107,253,92,493,191,"Monday",0,-10,-5,-16,1,0,0,-9,-4,-13,0,-10,-3,-12,-13,-4,-1,"10:30:00"
0,467,0,146,53,240,314,578,206,27,0,112,112,245,92,491,192,"Monday",0,-7,-16,-24,0,0,0,0,-4,-14,0,-24,5,-8,0,-2,1,"10:45:00"
0,458,0,127,55,240,314,586,202,13,0,105,113,240,87,486,190,"Monday",0,-9,0,-19,2,0,0,8,-4,-14,0,-7,1,-5,-5,-5,-2,"11:00:00"
0,457,0,106,54,240,314,593,199,5,0,92,116,239,88,487,188,"Monday",0,-1,0,-21,-1,0,0,7,-3,-8,0,-13,3,-1,1,1,-2,"11:15:00"
0,448,0,101,53,240,314,605,198,0,0,98,111,234,90,485,188,"Monday",0,-9,0,-5,-1,0,0,12,-1,-5,0,6,-5,-5,2,-2,0,"11:30:00"
0,443,8,110,49,240,314,615,196,0,0,97,123,232,87,485,185,"Monday",0,-5,8,9,-4,0,0,10,-2,0,0,-1,12,-2,-3,0,-3,"11:45:00"
0,442,0,108,46,240,314,631,193,0,0,103,118,236,90,483,185,"Monday",0,-1,-8,-2,-3,0,0,16,-3,0,0,6,-5,4,3,-2,0,"12:00:00"
0,449,0,102,44,240,314,646,193,0,0,106,117,232,94,486,189,"Monday",0,7,0,-6,-2,0,0,15,0,0,0,3,-1,-4,4,3,4,"12:15:00"
0,451,22,104,41,240,314,650,187,0,0,96,116,242,95,490,188,"Monday",0,2,22,2,-3,0,0,4,-6,0,0,-10,-1,10,1,4,-1,"12:30:00"
0,447,23,102,41,240,314,666,183,1,0,98,117,228,91,491,186,"Monday",0,-4,1,-2,0,0,0,16,-4,1,0,2,1,-14,-4,1,-2,"12:45:00"
0,457,28,110,40,240,314,678,185,9,0,96,117,237,92,493,190,"Monday",0,10,5,8,-1,0,0,12,2,8,0,-2,0,9,1,2,4,"13:00:00"
0,459,31,108,41,240,281,691,189,17,0,98,125,237,96,496,190,"Monday",0,2,3,-2,1,0,-33,13,4,8,0,2,8,0,4,3,0,"13:15:00"
0,478,40,97,41,240,281,721,192,22,0,108,121,246,102,497,194,"Monday",0,19,9,-11,0,0,0,30,3,5,0,10,-4,9,6,1,4,"13:30:00"
0,476,38,104,42,240,281,742,193,34,0,116,129,237,112,499,194,"Monday",0,-2,-2,7,1,0,0,21,1,12,0,8,8,-9,10,2,0,"13:45:00"
0,472,41,114,38,240,281,750,191,28,0,114,128,232,105,501,195,"Monday",0,-4,3,10,-4,0,0,8,-2,-6,0,-2,-1,-5,-7,2,1,"14:00:00"
0,472,44,121,35,240,281,750,185,30,0,121,137,233,102,498,200,"Monday",0,0,3,7,-3,0,0,0,-6,2,0,7,9,1,-3,-3,5,"14:15:00"
0,473,45,122,38,240,281,750,186,23,0,122,140,234,104,500,201,"Monday",0,1,1,1,3,0,0,0,1,-7,0,1,3,1,2,2,1,"14:30:00"
0,477,32,125,35,240,281,750,188,27,0,119,135,225,100,507,202,"Monday",0,4,-13,3,-3,0,0,0,2,4,0,-3,-5,-9,-4,7,1,"14:45:00"
0,465,28,134,46,240,281,750,189,18,0,118,130,211,103,503,204,"Monday",0,-12,-4,9,11,0,0,0,1,-9,0,-1,-5,-14,3,-4,2,"15:00:00"
0,468,23,126,47,240,281,750,194,16,0,120,131,208,103,506,202,"Monday",0,3,-5,-8,1,0,0,0,5,-2,0,2,1,-3,0,3,-2,"15:15:00"
0,463,27,130,49,240,281,750,193,12,0,113,135,203,114,508,205,"Monday",0,-5,4,4,2,0,0,0,-1,-4,0,-7,4,-5,11,2,3,"15:30:00"
0,465,27,142,49,240,281,750,193,10,0,122,137,199,118,509,209,"Monday",0,2,0,12,0,0,0,0,0,-2,0,9,2,-4,4,1,4,"15:45:00"
0,469,29,161,49,240,281,750,198,10,0,124,138,210,120,508,219,"Monday",0,4,2,19,0,0,0,0,5,0,0,2,1,11,2,-1,10,"16:00:00"
0,478,30,152,48,240,281,750,200,11,0,131,137,213,120,508,229,"Monday",0,9,1,-9,-1,0,0,0,2,1,0,7,-1,3,0,0,10,"16:15:00"
0,487,32,141,50,240,281,750,196,11,0,136,135,231,124,512,242,"Monday",0,9,2,-11,2,0,0,0,-4,0,0,5,-2,18,4,4,13,"16:30:00"
0,493,32,152,49,240,281,750,201,10,0,138,137,224,121,511,255,"Monday",0,6,0,11,-1,0,0,0,5,-1,0,2,2,-7,-3,-1,13,"16:45:00"
0,508,34,148,50,240,281,750,206,7,0,136,139,221,120,514,266,"Monday",0,15,2,-4,1,0,0,0,5,-3,0,-2,2,-3,-1,3,11,"17:00:00"
0,528,45,159,53,240,281,750,206,11,0,145,136,224,123,514,268,"Monday",0,20,11,11,3,0,0,0,0,4,0,9,-3,3,3,0,2,"17:15:00"
0,533,48,177,54,240,281,750,213,16,0,150,146,242,125,522,270,"Monday",0,5,3,18,1,0,0,0,7,5,0,5,10,18,2,8,2,"17:30:00"
0,550,57,171,51,240,281,750,208,20,0,150,143,248,128,522,272,"Monday",0,17,9,-6,-3,0,0,0,-5,4,0,0,-3,6,3,0,2,"17:45:00"
0,569,68,190,51,240,281,750,217,50,0,158,139,265,130,518,276,"Monday",0,19,11,19,0,0,0,0,9,30,0,8,-4,17,2,-4,4,"18:00:00"
0,575,74,213,53,240,281,750,219,59,0,175,129,278,130,518,278,"Monday",0,6,6,23,2,0,0,0,2,9,0,17,-10,13,0,0,2,"18:15:00"
0,585,77,222,55,240,281,750,221,70,0,181,119,291,129,519,280,"Monday",0,10,3,9,2,0,0,0,2,11,0,6,-10,13,-1,1,2,"18:30:00"
0,595,84,230,53,240,281,750,219,79,0,174,123,299,134,516,283,"Monday",0,10,7,8,-2,0,0,0,-2,9,0,-7,4,8,5,-3,3,"18:45:00"
0,600,87,236,53,240,281,750,222,86,0,182,122,305,132,500,283,"Monday",0,5,3,6,0,0,0,0,3,7,0,8,-1,6,-2,-16,0,"19:00:00"
0,597,92,247,53,240,281,750,225,99,0,191,116,310,128,470,283,"Monday",0,-3,5,11,0,0,0,0,3,13,0,9,-6,5,-4,-30,0,"19:15:00"
0,601,99,254,54,240,281,750,223,117,0,198,118,309,135,452,282,"Monday",0,4,7,7,1,0,0,0,-2,18,0,7,2,-1,7,-18,-1,"19:30:00"
0,602,100,256,54,240,281,750,226,127,0,207,126,317,136,432,281,"Monday",0,1,1,2,0,0,0,0,3,10,0,9,8,8,1,-20,-1,"19:45:00"
0,609,100,275,54,240,281,750,228,127,0,211,128,319,131,429,281,"Monday",0,7,0,19,0,0,0,0,2,0,0,4,2,2,-5,-3,0,"20:00:00"
0,616,102,287,54,240,281,750,228,132,0,215,135,321,132,423,281,"Monday",0,7,2,12,0,0,0,0,0,5,0,4,7,2,1,-6,0,"20:15:00"
0,618,108,296,54,240,281,750,229,136,0,220,130,324,133,419,282,"Monday",0,2,6,9,0,0,0,0,1,4,0,5,-5,3,1,-4,1,"20:30:00"
0,620,111,304,54,240,281,750,231,140,0,224,134,328,130,415,282,"Monday",0,2,3,8,0,0,0,0,2,4,0,4,4,4,-3,-4,0,"20:45:00"
0,625,116,310,54,240,0,750,232,146,0,224,148,328,130,416,281,"Monday",0,5,5,6,0,0,-281,0,1,6,0,0,14,0,0,1,-1,"21:00:00"
0,625,116,310,54,240,0,750,232,146,0,224,148,328,130,416,281,"Monday",0,0,0,0,0,0,0,0,0,0,0,0,0,0,0,0,0,"21:15:00"
0,625,116,310,54,240,0,750,232,146,0,224,148,328,130,416,281,"Monday",0,0,0,0,0,0,0,0,0,0,0,0,0,0,0,0,0,"21:30:00"
0,625,116,310,54,240,0,750,232,146,0,224,148,328,130,416,281,"Monday",0,0,0,0,0,0,0,0,0,0,0,0,0,0,0,0,0,"21:45:00"
0,625,116,310,54,240,0,750,232,146,0,224,148,328,130,416,281,"Monday",0,0,0,0,0,0,0,0,0,0,0,0,0,0,0,0,0,"22:00:00"
0,625,116,310,54,240,0,750,232,146,0,224,148,328,130,416,281,"Monday",0,0,0,0,0,0,0,0,0,0,0,0,0,0,0,0,0,"22:15:00"
0,625,116,310,54,240,0,750,232,146,0,224,148,328,130,416,281,"Monday",0,0,0,0,0,0,0,0,0,0,0,0,0,0,0,0,0,"22:30:00"
0,625,116,310,54,240,0,750,232,146,0,224,148,328,130,416,281,"Monday",0,0,0,0,0,0,0,0,0,0,0,0,0,0,0,0,0,"22:45:00"
0,625,116,310,54,240,0,750,232,146,0,224,148,328,130,416,281,"Monday",0,0,0,0,0,0,0,0,0,0,0,0,0,0,0,0,0,"23:00:00"
0,650,0,361,0,240,0,750,0,150,0,241,173,355,145,493,283,"Monday",0,25,-116,51,-54,0,0,0,-232,4,0,17,25,27,15,77,2,"23:15:00"
0,650,0,361,0,240,0,750,0,150,0,241,173,355,145,493,283,"Monday",0,0,0,0,0,0,0,0,0,0,0,0,0,0,0,0,0,"23:30:00"
0,650,0,361,0,240,0,750,0,150,0,241,173,355,145,493,283,"Monday",0,0,0,0,0,0,0,0,0,0,0,0,0,0,0,0,0,"23:45:00"
0,650,0,361,0,240,0,750,0,150,0,241,173,355,145,493,283,"Tuesday",0,0,0,0,0,0,0,0,0,0,0,0,0,0,0,0,0,"00:00:00"
0,650,0,361,0,240,0,750,0,150,0,241,173,355,145,493,283,"Tuesday",0,0,0,0,0,0,0,0,0,0,0,0,0,0,0,0,0,"00:15:00"
0,650,0,361,0,240,0,750,0,150,0,241,173,355,145,493,283,"Tuesday",0,0,0,0,0,0,0,0,0,0,0,0,0,0,0,0,0,"00:30:00"
0,650,0,361,0,240,0,750,0,150,0,241,173,355,145,493,283,"Tuesday",0,0,0,0,0,0,0,0,0,0,0,0,0,0,0,0,0,"00:45:00"
0,650,0,361,0,240,0,750,0,150,0,241,173,355,145,493,283,"Tuesday",0,0,0,0,0,0,0,0,0,0,0,0,0,0,0,0,0,"01:00:00"
0,650,0,361,0,240,0,750,0,150,0,241,173,355,145,493,283,"Tuesday",0,0,0,0,0,0,0,0,0,0,0,0,0,0,0,0,0,"01:15:00"
0,650,0,361,0,240,0,750,0,150,0,241,173,355,145,493,283,"Tuesday",0,0,0,0,0,0,0,0,0,0,0,0,0,0,0,0,0,"01:30:00"
0,650,0,361,0,240,0,750,0,150,0,241,173,355,145,493,283,"Tuesday",0,0,0,0,0,0,0,0,0,0,0,0,0,0,0,0,0,"01:45:00"
0,650,0,361,0,240,0,750,0,150,0,241,173,355,145,493,283,"Tuesday",0,0,0,0,0,0,0,0,0,0,0,0,0,0,0,0,0,"02:00:00"
0,650,0,361,0,240,0,750,0,150,0,241,173,355,145,493,283,"Tuesday",0,0,0,0,0,0,0,0,0,0,0,0,0,0,0,0,0,"02:15:00"
0,650,0,361,0,240,0,750,0,150,0,241,173,355,145,493,283,"Tuesday",0,0,0,0,0,0,0,0,0,0,0,0,0,0,0,0,0,"02:30:00"
0,650,0,361,0,240,0,750,0,150,0,241,173,355,145,493,283,"Tuesday",0,0,0,0,0,0,0,0,0,0,0,0,0,0,0,0,0,"02:45:00"
0,650,0,361,0,240,0,750,0,150,0,241,173,355,145,493,283,"Tuesday",0,0,0,0,0,0,0,0,0,0,0,0,0,0,0,0,0,"03:00:00"
0,650,0,361,0,240,0,750,0,150,0,241,173,355,145,493,283,"Tuesday",0,0,0,0,0,0,0,0,0,0,0,0,0,0,0,0,0,"03:15:00"
0,650,0,361,0,240,0,750,0,150,0,241,173,355,145,493,283,"Tuesday",0,0,0,0,0,0,0,0,0,0,0,0,0,0,0,0,0,"03:30:00"
0,650,0,361,0,240,0,750,0,150,0,241,173,355,145,493,283,"Tuesday",0,0,0,0,0,0,0,0,0,0,0,0,0,0,0,0,0,"03:45:00"
0,650,0,361,0,240,0,750,0,150,0,241,173,355,145,493,283,"Tuesday",0,0,0,0,0,0,0,0,0,0,0,0,0,0,0,0,0,"04:00:00"
0,650,0,361,0,240,0,750,0,150,0,241,173,355,145,493,283,"Tuesday",0,0,0,0,0,0,0,0,0,0,0,0,0,0,0,0,0,"04:15:00"
0,650,0,361,0,240,0,750,0,150,0,241,173,355,145,493,283,"Tuesday",0,0,0,0,0,0,0,0,0,0,0,0,0,0,0,0,0,"04:30:00"
0,650,0,361,0,240,0,750,0,150,0,241,173,355,145,493,283,"Tuesday",0,0,0,0,0,0,0,0,0,0,0,0,0,0,0,0,0,"04:45:00"
0,650,0,361,0,240,0,750,0,150,0,241,173,355,145,493,283,"Tuesday",0,0,0,0,0,0,0,0,0,0,0,0,0,0,0,0,0,"05:00:00"
0,650,0,361,0,240,0,750,0,150,0,241,173,355,145,493,283,"Tuesday",0,0,0,0,0,0,0,0,0,0,0,0,0,0,0,0,0,"05:15:00"
0,650,0,361,0,240,0,750,0,150,0,241,173,355,145,493,283,"Tuesday",0,0,0,0,0,0,0,0,0,0,0,0,0,0,0,0,0,"05:30:00"
0,650,0,361,0,240,0,750,0,150,0,241,173,355,145,493,283,"Tuesday",0,0,0,0,0,0,0,0,0,0,0,0,0,0,0,0,0,"05:45:00"
0,650,0,361,0,240,0,750,0,150,0,241,173,355,145,493,283,"Tuesday",0,0,0,0,0,0,0,0,0,0,0,0,0,0,0,0,0,"06:00:00"
0,650,0,361,0,240,0,750,0,150,0,241,173,355,145,493,283,"Tuesday",0,0,0,0,0,0,0,0,0,0,0,0,0,0,0,0,0,"06:15:00"
0,650,0,361,0,240,0,750,0,150,0,241,173,355,145,493,283,"Tuesday",0,0,0,0,0,0,0,0,0,0,0,0,0,0,0,0,0,"06:30:00"
0,650,0,361,0,240,0,750,0,150,0,241,173,355,145,493,283,"Tuesday",0,0,0,0,0,0,0,0,0,0,0,0,0,0,0,0,0,"06:45:00"
0,650,0,361,0,240,0,750,0,150,0,241,173,355,145,493,283,"Tuesday",0,0,0,0,0,0,0,0,0,0,0,0,0,0,0,0,0,"07:00:00"
0,636,180,346,59,240,281,670,252,0,0,252,158,314,169,562,226,"Tuesday",0,-14,180,-15,59,0,281,-80,252,-150,0,11,-15,-41,24,69,-57,"07:15:00"
0,626,175,340,59,240,281,668,249,0,0,246,156,306,166,553,216,"Tuesday",0,-10,-5,-6,0,0,0,-2,-3,0,0,-6,-2,-8,-3,-9,-10,"07:30:00"
0,618,164,337,59,240,281,663,248,150,0,245,157,301,173,548,212,"Tuesday",0,-8,-11,-3,0,0,0,-5,-1,150,0,-1,1,-5,7,-5,-4,"07:45:00"
0,603,151,329,59,240,281,657,244,150,0,242,153,296,171,535,205,"Tuesday",0,-15,-13,-8,0,0,0,-6,-4,0,0,-3,-4,-5,-2,-13,-7,"08:00:00"
0,586,141,317,58,240,281,653,237,150,0,234,147,293,159,528,198,"Tuesday",0,-17,-10,-12,-1,0,0,-4,-7,0,0,-8,-6,-3,-12,-7,-7,"08:15:00"
0,569,130,307,58,240,281,642,235,148,0,229,141,285,164,519,192,"Tuesday",0,-17,-11,-10,0,0,0,-11,-2,-2,0,-5,-6,-8,5,-9,-6,"08:30:00"
0,551,122,286,55,240,281,633,231,131,0,224,139,266,157,506,183,"Tuesday",0,-18,-8,-21,-3,0,0,-9,-4,-17,0,-5,-2,-19,-7,-13,-9,"08:45:00"
0,531,100,265,53,240,281,620,228,114,0,208,133,253,143,502,175,"Tuesday",0,-20,-22,-21,-2,0,0,-13,-3,-17,0,-16,-6,-13,-14,-4,-8,"09:00:00"
0,519,81,264,52,240,281,610,225,103,0,200,131,236,136,497,177,"Tuesday",0,-12,-19,-1,-1,0,0,-10,-3,-11,0,-8,-2,-17,-7,-5,2,"09:15:00"
0,505,69,244,50,240,281,600,219,82,0,190,121,231,132,498,176,"Tuesday",0,-14,-12,-20,-2,0,0,-10,-6,-21,0,-10,-10,-5,-4,1,-1,"09:30:00"
0,479,56,210,49,240,281,591,211,70,0,179,115,224,126,491,178,"Tuesday",0,-26,-13,-34,-1,0,0,-9,-8,-12,0,-11,-6,-7,-6,-7,2,"09:45:00"
0,465,31,188,46,240,281,571,191,41,0,166,110,203,121,486,176,"Tuesday",0,-14,-25,-22,-3,0,0,-20,-20,-29,0,-13,-5,-21,-5,-5,-2,"10:00:00"
0,457,0,170,43,240,281,572,187,27,0,160,111,182,120,489,175,"Tuesday",0,-8,-31,-18,-3,0,0,1,-4,-14,0,-6,1,-21,-1,3,-1,"10:15:00"
0,445,0,150,41,240,281,563,178,13,0,141,109,172,112,487,181,"Tuesday",0,-12,0,-20,-2,0,0,-9,-9,-14,0,-19,-2,-10,-8,-2,6,"10:30:00"
0,430,0,132,39,240,281,561,174,4,0,128,101,165,106,482,179,"Tuesday",0,-15,0,-18,-2,0,0,-2,-4,-9,0,-13,-8,-7,-6,-5,-2,"10:45:00"
0,418,0,104,40,240,281,569,169,0,0,123,107,157,106,482,177,"Tuesday",0,-12,0,-28,1,0,0,8,-5,-4,0,-5,6,-8,0,0,-2,"11:00:00"
0,407,0,89,38,240,281,573,174,0,0,122,115,148,105,481,177,"Tuesday",0,-11,0,-15,-2,0,0,4,5,0,0,-1,8,-9,-1,-1,0,"11:15:00"
0,397,0,89,36,240,281,577,175,0,0,123,108,143,104,485,175,"Tuesday",0,-10,0,0,-2,0,0,4,1,0,0,1,-7,-5,-1,4,-2,"11:30:00"
0,396,0,82,36,240,281,576,175,0,0,117,106,135,104,485,173,"Tuesday",0,-1,0,-7,0,0,0,-1,0,0,0,-6,-2,-8,0,0,-2,"11:45:00"
0,389,0,56,36,240,281,591,175,0,0,116,98,132,108,486,170,"Tuesday",0,-7,0,-26,0,0,0,15,0,0,0,-1,-8,-3,4,1,-3,"12:00:00"
0,388,25,63,37,240,281,608,176,0,0,122,93,130,111,488,173,"Tuesday",0,-1,25,7,1,0,0,17,1,0,0,6,-5,-2,3,2,3,"12:15:00"
0,399,39,64,40,240,281,622,178,2,0,131,92,135,113,484,174,"Tuesday",0,11,14,1,3,0,0,14,2,2,0,9,-1,5,2,-4,1,"12:30:00"
0,403,44,61,34,240,281,635,178,1,0,130,90,138,123,485,174,"Tuesday",0,4,5,-3,-6,0,0,13,0,-1,0,-1,-2,3,10,1,0,"12:45:00"
0,407,49,63,35,240,281,648,175,7,0,132,94,151,131,485,173,"Tuesday",0,4,5,2,1,0,0,13,-3,6,0,2,4,13,8,0,-1,"13:00:00"
0,413,60,71,35,240,281,669,180,12,0,143,98,165,137,490,179,"Tuesday",0,6,11,8,0,0,0,21,5,5,0,11,4,14,6,5,6,"13:15:00"
0,411,65,79,33,240,281,678,179,9,0,147,100,171,140,492,175,"Tuesday",0,-2,5,8,-2,0,0,9,-1,-3,0,4,2,6,3,2,-4,"13:30:00"
0,416,55,83,36,240,281,691,179,12,0,153,104,177,142,494,180,"Tuesday",0,5,-10,4,3,0,0,13,0,3,0,6,4,6,2,2,5,"13:45:00"
0,434,40,93,37,240,281,700,177,9,0,152,99,179,142,489,180,"Tuesday",0,18,-15,10,1,0,0,9,-2,-3,0,-1,-5,2,0,-5,0,"14:00:00"
0,436,34,113,39,240,281,716,176,15,0,149,102,178,150,488,178,"Tuesday",0,2,-6,20,2,0,0,16,-1,6,0,-3,3,-1,8,-1,-2,"14:15:00"
0,443,35,130,40,240,281,723,186,15,0,146,99,193,149,488,177,"Tuesday",0,7,1,17,1,0,0,7,10,0,0,-3,-3,15,-1,0,-1,"14:30:00"
0,444,34,127,38,240,281,750,178,20,0,147,98,189,146,489,177,"Tuesday",0,1,-1,-3,-2,0,0,27,-8,5,0,1,-1,-4,-3,1,0,"14:45:00"
0,450,29,141,38,240,281,750,184,17,0,141,108,192,143,487,180,"Tuesday",0,6,-5,14,0,0,0,0,6,-3,0,-6,10,3,-3,-2,3,"15:00:00"
0,451,17,136,39,240,281,750,185,6,0,136,112,192,143,488,181,"Tuesday",0,1,-12,-5,1,0,0,0,1,-11,0,-5,4,0,0,1,1,"15:15:00"
0,453,13,144,42,240,281,750,181,5,0,141,110,192,146,492,186,"Tuesday",0,2,-4,8,3,0,0,0,-4,-1,0,5,-2,0,3,4,5,"15:30:00"
0,459,11,143,40,240,281,332,186,1,0,143,115,190,150,494,193,"Tuesday",0,6,-2,-1,-2,0,0,-418,5,-4,0,2,5,-2,4,2,7,"15:45:00"
0,465,21,122,40,240,281,350,185,6,0,146,113,192,145,495,205,"Tuesday",0,6,10,-21,0,0,0,18,-1,5,0,3,-2,2,-5,1,12,"16:00:00"
0,473,16,111,43,240,281,363,185,11,0,145,114,205,149,496,217,"Tuesday",0,8,-5,-11,3,0,0,13,0,5,0,-1,1,13,4,1,12,"16:15:00"
0,479,26,119,43,240,281,379,182,5,0,138,113,227,141,490,217,"Tuesday",0,6,10,8,0,0,0,16,-3,-6,0,-7,-1,22,-8,-6,0,"16:30:00"
0,482,30,124,40,240,281,403,186,12,0,139,115,224,140,487,225,"Tuesday",0,3,4,5,-3,0,0,24,4,7,0,1,2,-3,-1,-3,8,"16:45:00"
0,491,29,130,41,240,281,442,181,14,0,140,122,233,147,488,232,"Tuesday",0,9,-1,6,1,0,0,39,-5,2,0,1,7,9,7,1,7,"17:00:00"
0,496,34,134,45,240,281,475,187,23,0,135,118,236,147,493,238,"Tuesday",0,5,5,4,4,0,0,33,6,9,0,-5,-4,3,0,5,6,"17:15:00"
0,512,41,143,44,240,281,505,193,23,0,136,126,247,144,491,242,"Tuesday",0,16,7,9,-1,0,0,30,6,0,0,1,8,11,-3,-2,4,"17:30:00"
0,521,46,148,39,240,281,528,199,24,0,146,129,247,151,484,249,"Tuesday",0,9,5,5,-5,0,0,23,6,1,0,10,3,0,7,-7,7,"17:45:00"
0,521,58,165,38,240,281,558,201,39,0,149,129,237,148,478,245,"Tuesday",0,0,12,17,-1,0,0,30,2,15,0,3,0,-10,-3,-6,-4,"18:00:00"
0,527,62,179,35,240,281,584,207,55,0,162,128,243,152,465,236,"Tuesday",0,6,4,14,-3,0,0,26,6,16,0,13,-1,6,4,-13,-9,"18:15:00"
0,529,64,180,33,240,281,619,216,59,0,166,129,253,159,463,219,"Tuesday",0,2,2,1,-2,0,0,35,9,4,0,4,1,10,7,-2,-17,"18:30:00"
0,503,63,187,32,240,281,647,216,67,0,166,129,262,160,444,213,"Tuesday",0,-26,-1,7,-1,0,0,28,0,8,0,0,0,9,1,-19,-6,"18:45:00"
0,465,50,199,33,240,281,667,212,78,0,170,132,268,155,421,185,"Tuesday",0,-38,-13,12,1,0,0,20,-4,11,0,4,3,6,-5,-23,-28,"19:00:00"
0,434,45,216,32,240,281,685,215,80,0,175,128,269,154,383,184,"Tuesday",0,-31,-5,17,-1,0,0,18,3,2,0,5,-4,1,-1,-38,-1,"19:15:00"
0,432,47,227,32,240,281,704,212,83,0,180,127,276,159,356,184,"Tuesday",0,-2,2,11,0,0,0,19,-3,3,0,5,-1,7,5,-27,0,"19:30:00"
0,436,49,236,30,240,281,719,213,88,0,183,134,282,158,338,184,"Tuesday",0,4,2,9,-2,0,0,15,1,5,0,3,7,6,-1,-18,0,"19:45:00"
0,442,61,244,34,240,281,735,222,108,0,189,139,288,166,321,184,"Tuesday",0,6,12,8,4,0,0,16,9,20,0,6,5,6,8,-17,0,"20:00:00"
0,446,70,251,33,240,281,742,228,128,0,208,143,296,166,318,183,"Tuesday",0,4,9,7,-1,0,0,7,6,20,0,19,4,8,0,-3,-1,"20:15:00"
0,454,81,263,33,240,281,750,228,133,0,215,142,298,166,313,183,"Tuesday",0,8,11,12,0,0,0,8,0,5,0,7,-1,2,0,-5,0,"20:30:00"
0,459,83,273,34,240,281,750,0,137,0,224,146,303,170,319,184,"Tuesday",0,5,2,10,1,0,0,0,-228,4,0,9,4,5,4,6,1,"20:45:00"
0,463,84,284,36,240,0,750,0,143,0,226,151,305,173,323,184,"Tuesday",0,4,1,11,2,0,-281,0,0,6,0,2,5,2,3,4,0,"21:00:00"
0,463,84,284,36,240,0,750,0,143,0,226,151,305,173,323,184,"Tuesday",0,0,0,0,0,0,0,0,0,0,0,0,0,0,0,0,0,"21:15:00"
0,463,84,284,36,240,0,750,0,143,0,226,151,305,173,323,184,"Tuesday",0,0,0,0,0,0,0,0,0,0,0,0,0,0,0,0,0,"21:30:00"
0,463,84,284,36,240,0,750,0,143,0,226,151,305,173,323,184,"Tuesday",0,0,0,0,0,0,0,0,0,0,0,0,0,0,0,0,0,"21:45:00"
0,463,84,284,36,240,0,750,0,143,0,226,151,305,173,323,184,"Tuesday",0,0,0,0,0,0,0,0,0,0,0,0,0,0,0,0,0,"22:00:00"
0,463,84,284,36,240,0,750,0,143,0,226,151,305,173,323,184,"Tuesday",0,0,0,0,0,0,0,0,0,0,0,0,0,0,0,0,0,"22:15:00"
0,463,84,284,36,240,0,750,0,143,0,226,151,305,173,323,184,"Tuesday",0,0,0,0,0,0,0,0,0,0,0,0,0,0,0,0,0,"22:30:00"
0,463,84,284,36,240,0,750,0,143,0,226,151,305,173,323,184,"Tuesday",0,0,0,0,0,0,0,0,0,0,0,0,0,0,0,0,0,"22:45:00"
0,463,84,284,36,240,0,750,0,143,0,226,151,305,173,323,184,"Tuesday",0,0,0,0,0,0,0,0,0,0,0,0,0,0,0,0,0,"23:00:00"
0,652,0,353,0,0,0,750,0,0,0,255,165,343,197,560,275,"Tuesday",0,189,-84,69,-36,-240,0,0,0,-143,0,29,14,38,24,237,91,"23:15:00"
0,652,0,353,0,0,0,750,0,0,0,255,165,343,197,560,275,"Tuesday",0,0,0,0,0,0,0,0,0,0,0,0,0,0,0,0,0,"23:30:00"
0,652,0,353,0,0,0,750,0,0,0,255,165,343,197,560,275,"Tuesday",0,0,0,0,0,0,0,0,0,0,0,0,0,0,0,0,0,"23:45:00"
0,652,0,353,0,0,0,750,0,0,0,255,165,343,197,560,275,"Wednesday",0,0,0,0,0,0,0,0,0,0,0,0,0,0,0,0,0,"00:00:00"
0,652,0,353,0,0,0,750,0,0,0,255,165,343,197,560,275,"Wednesday",0,0,0,0,0,0,0,0,0,0,0,0,0,0,0,0,0,"00:15:00"
0,652,0,353,0,0,0,750,0,0,0,255,165,343,197,560,275,"Wednesday",0,0,0,0,0,0,0,0,0,0,0,0,0,0,0,0,0,"00:30:00"
0,652,0,353,0,0,0,750,0,0,0,255,165,343,197,560,275,"Wednesday",0,0,0,0,0,0,0,0,0,0,0,0,0,0,0,0,0,"00:45:00"
0,652,0,353,0,0,0,750,0,0,0,255,165,343,197,560,275,"Wednesday",0,0,0,0,0,0,0,0,0,0,0,0,0,0,0,0,0,"01:00:00"
0,652,0,353,0,0,0,750,0,0,0,255,165,343,197,560,275,"Wednesday",0,0,0,0,0,0,0,0,0,0,0,0,0,0,0,0,0,"01:15:00"
0,652,0,353,0,0,0,750,0,0,0,255,165,343,197,560,275,"Wednesday",0,0,0,0,0,0,0,0,0,0,0,0,0,0,0,0,0,"01:30:00"
0,652,0,353,0,0,0,750,0,0,0,255,165,343,197,560,275,"Wednesday",0,0,0,0,0,0,0,0,0,0,0,0,0,0,0,0,0,"01:45:00"
0,652,0,353,0,0,0,750,0,0,0,255,165,343,197,560,275,"Wednesday",0,0,0,0,0,0,0,0,0,0,0,0,0,0,0,0,0,"02:00:00"
0,652,0,353,0,0,0,750,0,0,0,255,165,343,197,560,275,"Wednesday",0,0,0,0,0,0,0,0,0,0,0,0,0,0,0,0,0,"02:15:00"
0,652,0,353,0,0,0,750,0,0,0,255,165,343,197,560,275,"Wednesday",0,0,0,0,0,0,0,0,0,0,0,0,0,0,0,0,0,"02:30:00"
0,652,0,353,0,0,0,750,0,0,0,255,165,343,197,560,275,"Wednesday",0,0,0,0,0,0,0,0,0,0,0,0,0,0,0,0,0,"02:45:00"
0,652,0,353,0,0,0,750,0,0,0,255,165,343,197,560,275,"Wednesday",0,0,0,0,0,0,0,0,0,0,0,0,0,0,0,0,0,"03:00:00"
0,652,0,353,0,0,0,750,0,0,0,255,165,343,197,560,275,"Wednesday",0,0,0,0,0,0,0,0,0,0,0,0,0,0,0,0,0,"03:15:00"
0,652,0,353,0,0,0,750,0,0,0,255,165,343,197,560,275,"Wednesday",0,0,0,0,0,0,0,0,0,0,0,0,0,0,0,0,0,"03:30:00"
0,652,0,353,0,0,0,750,0,0,0,255,165,343,197,560,275,"Wednesday",0,0,0,0,0,0,0,0,0,0,0,0,0,0,0,0,0,"03:45:00"
0,652,0,353,0,0,0,750,0,0,0,255,165,343,197,560,275,"Wednesday",0,0,0,0,0,0,0,0,0,0,0,0,0,0,0,0,0,"04:00:00"
0,652,0,353,0,0,0,750,0,0,0,255,165,343,197,560,275,"Wednesday",0,0,0,0,0,0,0,0,0,0,0,0,0,0,0,0,0,"04:15:00"
0,652,0,353,0,0,0,750,0,0,0,255,165,343,197,560,275,"Wednesday",0,0,0,0,0,0,0,0,0,0,0,0,0,0,0,0,0,"04:30:00"
0,652,0,353,0,0,0,750,0,0,0,255,165,343,197,560,275,"Wednesday",0,0,0,0,0,0,0,0,0,0,0,0,0,0,0,0,0,"04:45:00"
0,652,0,353,0,0,0,750,0,0,0,255,165,343,197,560,275,"Wednesday",0,0,0,0,0,0,0,0,0,0,0,0,0,0,0,0,0,"05:00:00"
0,652,0,353,0,0,0,750,0,0,0,255,165,343,197,560,275,"Wednesday",0,0,0,0,0,0,0,0,0,0,0,0,0,0,0,0,0,"05:15:00"
0,652,0,353,0,0,0,750,0,0,0,255,165,343,197,560,275,"Wednesday",0,0,0,0,0,0,0,0,0,0,0,0,0,0,0,0,0,"05:30:00"
0,652,0,353,0,0,0,750,0,0,0,255,165,343,197,560,275,"Wednesday",0,0,0,0,0,0,0,0,0,0,0,0,0,0,0,0,0,"05:45:00"
0,652,0,353,0,0,0,750,0,0,0,255,165,343,197,560,275,"Wednesday",0,0,0,0,0,0,0,0,0,0,0,0,0,0,0,0,0,"06:00:00"
0,652,0,353,0,0,0,750,0,0,0,255,165,343,197,560,275,"Wednesday",0,0,0,0,0,0,0,0,0,0,0,0,0,0,0,0,0,"06:15:00"
0,652,0,353,0,0,0,750,0,0,0,255,165,343,197,560,275,"Wednesday",0,0,0,0,0,0,0,0,0,0,0,0,0,0,0,0,0,"06:30:00"
0,652,0,353,0,0,0,750,0,0,0,255,165,343,197,560,275,"Wednesday",0,0,0,0,0,0,0,0,0,0,0,0,0,0,0,0,0,"06:45:00"
0,652,0,353,0,0,0,750,0,0,0,255,165,343,197,560,275,"Wednesday",0,0,0,0,0,0,0,0,0,0,0,0,0,0,0,0,0,"07:00:00"
0,635,178,345,55,240,250,659,220,0,0,245,152,313,179,550,225,"Wednesday",0,-17,178,-8,55,240,250,-91,220,0,0,-10,-13,-30,-18,-10,-50,"07:15:00"
0,628,177,342,55,240,250,656,218,0,0,245,149,300,173,542,213,"Wednesday",0,-7,-1,-3,0,0,0,-3,-2,0,0,0,-3,-13,-6,-8,-12,"07:30:00"
0,612,171,339,55,240,250,652,217,0,0,240,151,289,177,539,209,"Wednesday",0,-16,-6,-3,0,0,0,-4,-1,0,0,-5,2,-11,4,-3,-4,"07:45:00"
0,589,158,323,55,240,250,645,215,150,0,233,152,281,181,531,205,"Wednesday",0,-23,-13,-16,0,0,0,-7,-2,150,0,-7,1,-8,4,-8,-4,"08:00:00"
0,579,149,313,56,240,250,643,210,150,0,223,140,266,176,513,199,"Wednesday",0,-10,-9,-10,1,0,0,-2,-5,0,0,-10,-12,-15,-5,-18,-6,"08:15:00"
0,564,137,301,56,240,250,638,204,138,0,221,132,260,175,510,192,"Wednesday",0,-15,-12,-12,0,0,0,-5,-6,-12,0,-2,-8,-6,-1,-3,-7,"08:30:00"
0,549,134,284,57,240,250,630,200,129,0,212,120,248,166,494,182,"Wednesday",0,-15,-3,-17,1,0,0,-8,-4,-9,0,-9,-12,-12,-9,-16,-10,"08:45:00"
0,525,101,266,56,240,250,612,192,109,0,203,116,233,158,483,178,"Wednesday",0,-24,-33,-18,-1,0,0,-18,-8,-20,0,-9,-4,-15,-8,-11,-4,"09:00:00"
0,508,75,250,54,240,250,598,183,93,0,196,115,215,151,471,169,"Wednesday",0,-17,-26,-16,-2,0,0,-14,-9,-16,0,-7,-1,-18,-7,-12,-9,"09:15:00"
0,497,58,222,52,240,250,592,178,74,0,178,113,197,147,453,153,"Wednesday",0,-11,-17,-28,-2,0,0,-6,-5,-19,0,-18,-2,-18,-4,-18,-16,"09:30:00"
0,480,56,183,47,240,250,589,174,58,0,155,112,182,144,448,149,"Wednesday",0,-17,-2,-39,-5,0,0,-3,-4,-16,0,-23,-1,-15,-3,-5,-4,"09:45:00"
0,461,0,141,44,240,250,572,156,39,0,124,112,153,134,429,143,"Wednesday",0,-19,-56,-42,-3,0,0,-17,-18,-19,0,-31,0,-29,-10,-19,-6,"10:00:00"
0,444,0,102,42,240,250,566,145,10,0,105,115,140,130,428,130,"Wednesday",0,-17,0,-39,-2,0,0,-6,-11,-29,0,-19,3,-13,-4,-1,-13,"10:15:00"
0,404,0,60,43,240,150,562,135,0,0,89,109,132,138,423,124,"Wednesday",0,-40,0,-42,1,0,-100,-4,-10,-10,0,-16,-6,-8,8,-5,-6,"10:30:00"
0,383,0,37,45,240,150,550,131,0,0,83,112,113,130,416,122,"Wednesday",0,-21,0,-23,2,0,0,-12,-4,0,0,-6,3,-19,-8,-7,-2,"10:45:00"
0,355,0,26,44,240,150,560,121,2,0,67,111,120,124,411,115,"Wednesday",0,-28,0,-11,-1,0,0,10,-10,2,0,-16,-1,7,-6,-5,-7,"11:00:00"
0,340,0,14,44,240,150,571,115,0,0,80,111,121,128,408,116,"Wednesday",0,-15,0,-12,0,0,0,11,-6,-2,0,13,0,1,4,-3,1,"11:15:00"
0,328,0,0,44,240,150,575,113,0,0,73,114,114,126,405,116,"Wednesday",0,-12,0,-14,0,0,0,4,-2,0,0,-7,3,-7,-2,-3,0,"11:30:00"
0,316,0,12,44,240,150,593,107,0,0,72,101,112,122,404,112,"Wednesday",0,-12,0,12,0,0,0,18,-6,0,0,-1,-13,-2,-4,-1,-4,"11:45:00"
0,299,0,7,43,240,150,619,106,0,0,72,102,114,122,406,116,"Wednesday",0,-17,0,-5,-1,0,0,26,-1,0,0,0,1,2,0,2,4,"12:00:00"
0,305,0,17,42,240,150,634,109,0,0,84,103,119,124,409,115,"Wednesday",0,6,0,10,-1,0,0,15,3,0,0,12,1,5,2,3,-1,"12:15:00"
0,309,0,19,43,240,150,661,110,0,0,98,108,126,126,411,122,"Wednesday",0,4,0,2,1,0,0,27,1,0,0,14,5,7,2,2,7,"12:30:00"
0,321,0,19,44,240,150,666,108,0,0,98,112,135,120,416,126,"Wednesday",0,12,0,0,1,0,0,5,-2,0,0,0,4,9,-6,5,4,"12:45:00"
0,327,0,25,47,240,150,688,102,0,0,101,119,152,124,418,134,"Wednesday",0,6,0,6,3,0,0,22,-6,0,0,3,7,17,4,2,8,"13:00:00"
0,344,13,32,49,240,150,707,110,0,0,104,120,175,128,422,137,"Wednesday",0,17,13,7,2,0,0,19,8,0,0,3,1,23,4,4,3,"13:15:00"
0,370,16,48,49,240,150,734,119,4,0,104,123,181,132,424,144,"Wednesday",0,26,3,16,0,0,0,27,9,4,0,0,3,6,4,2,7,"13:30:00"
0,387,26,68,48,240,150,750,122,0,0,110,122,189,126,432,146,"Wednesday",0,17,10,20,-1,0,0,16,3,-4,0,6,-1,8,-6,8,2,"13:45:00"
0,399,32,64,44,240,150,750,126,2,0,113,124,195,122,433,154,"Wednesday",0,12,6,-4,-4,0,0,0,4,2,0,3,2,6,-4,1,8,"14:00:00"
0,408,39,69,44,240,150,750,129,0,0,118,124,199,124,436,150,"Wednesday",0,9,7,5,0,0,0,0,3,-2,0,5,0,4,2,3,-4,"14:15:00"
0,420,47,83,41,240,150,750,142,0,0,142,127,208,135,436,157,"Wednesday",0,12,8,14,-3,0,0,0,13,0,0,24,3,9,11,0,7,"14:30:00"
0,430,43,92,33,240,150,750,155,1,0,153,131,203,137,439,163,"Wednesday",0,10,-4,9,-8,0,0,0,13,1,0,11,4,-5,2,3,6,"14:45:00"
0,439,42,101,36,240,150,750,168,6,0,149,133,215,141,450,170,"Wednesday",0,9,-1,9,3,0,0,0,13,5,0,-4,2,12,4,11,7,"15:00:00"
0,452,50,120,35,240,150,750,173,16,0,151,133,212,147,455,179,"Wednesday",0,13,8,19,-1,0,0,0,5,10,0,2,0,-3,6,5,9,"15:15:00"
0,469,43,118,39,240,150,750,180,19,0,161,131,212,155,458,185,"Wednesday",0,17,-7,-2,4,0,0,0,7,3,0,10,-2,0,8,3,6,"15:30:00"
0,477,39,134,40,240,150,750,180,18,0,169,140,218,153,465,199,"Wednesday",0,8,-4,16,1,0,0,0,0,-1,0,8,9,6,-2,7,14,"15:45:00"
0,488,30,125,40,240,150,750,181,20,0,168,135,224,155,470,216,"Wednesday",0,11,-9,-9,0,0,0,0,1,2,0,-1,-5,6,2,5,17,"16:00:00"
0,504,31,132,40,240,150,750,178,17,0,164,132,235,153,471,230,"Wednesday",0,16,1,7,0,0,0,0,-3,-3,0,-4,-3,11,-2,1,14,"16:15:00"
0,513,35,127,40,240,150,750,185,27,0,167,126,255,156,477,241,"Wednesday",0,9,4,-5,0,0,0,0,7,10,0,3,-6,20,3,6,11,"16:30:00"
0,519,49,119,39,240,150,750,185,22,0,168,122,265,162,474,250,"Wednesday",0,6,14,-8,-1,0,0,0,0,-5,0,1,-4,10,6,-3,9,"16:45:00"
0,518,43,120,41,240,150,750,191,19,0,160,126,262,159,476,259,"Wednesday",0,-1,-6,1,2,0,0,0,6,-3,0,-8,4,-3,-3,2,9,"17:00:00"
0,513,46,134,49,240,150,750,190,20,0,158,131,266,164,483,268,"Wednesday",0,-5,3,14,8,0,0,0,-1,1,0,-2,5,4,5,7,9,"17:15:00"
0,518,48,141,46,240,150,750,193,11,0,144,130,275,165,483,269,"Wednesday",0,5,2,7,-3,0,0,0,3,-9,0,-14,-1,9,1,0,1,"17:30:00"
0,534,58,143,49,240,150,750,202,15,0,145,127,274,157,478,273,"Wednesday",0,16,10,2,3,0,0,0,9,4,0,1,-3,-1,-8,-5,4,"17:45:00"
0,537,56,149,46,240,150,750,207,18,0,148,129,272,149,489,274,"Wednesday",0,3,-2,6,-3,0,0,0,5,3,0,3,2,-2,-8,11,1,"18:00:00"
0,543,65,153,45,240,150,459,208,28,0,147,118,276,147,487,276,"Wednesday",0,6,9,4,-1,0,0,-291,1,10,0,-1,-11,4,-2,-2,2,"18:15:00"
0,552,65,160,44,240,150,481,211,38,0,152,107,282,150,491,278,"Wednesday",0,9,0,7,-1,0,0,22,3,10,0,5,-11,6,3,4,2,"18:30:00"
0,547,68,169,44,240,150,509,212,57,0,159,101,287,149,493,279,"Wednesday",0,-5,3,9,0,0,0,28,1,19,0,7,-6,5,-1,2,1,"18:45:00"
0,538,70,187,45,240,150,528,212,63,0,165,97,288,151,488,281,"Wednesday",0,-9,2,18,1,0,0,19,0,6,0,6,-4,1,2,-5,2,"19:00:00"
0,533,71,203,45,240,150,547,217,68,0,173,98,295,147,487,278,"Wednesday",0,-5,1,16,0,0,0,19,5,5,0,8,1,7,-4,-1,-3,"19:15:00"
0,536,74,218,43,240,150,570,220,82,0,177,100,300,148,482,278,"Wednesday",0,3,3,15,-2,0,0,23,3,14,0,4,2,5,1,-5,0,"19:30:00"
0,540,77,228,42,240,150,585,220,97,0,185,111,309,145,477,277,"Wednesday",0,4,3,10,-1,0,0,15,0,15,0,8,11,9,-3,-5,-1,"19:45:00"
0,543,83,250,38,240,150,606,218,109,0,193,114,321,150,482,277,"Wednesday",0,3,6,22,-4,0,0,21,-2,12,0,8,3,12,5,5,0,"20:00:00"
0,551,87,268,37,240,150,630,220,122,0,197,115,321,154,491,277,"Wednesday",0,8,4,18,-1,0,0,24,2,13,0,4,1,0,4,9,0,"20:15:00"
0,554,91,280,38,240,150,643,224,128,0,204,113,324,157,488,277,"Wednesday",0,3,4,12,1,0,0,13,4,6,0,7,-2,3,3,-3,0,"20:30:00"
0,564,95,295,40,240,150,649,0,132,0,206,116,327,157,486,277,"Wednesday",0,10,4,15,2,0,0,6,-224,4,0,2,3,3,0,-2,0,"20:45:00"
0,569,100,308,41,240,0,661,0,132,0,215,116,330,158,485,277,"Wednesday",0,5,5,13,1,0,-150,12,0,0,0,9,0,3,1,-1,0,"21:00:00"
0,569,100,308,41,240,0,661,0,132,0,215,116,330,158,485,277,"Wednesday",0,0,0,0,0,0,0,0,0,0,0,0,0,0,0,0,0,"21:15:00"
0,569,100,308,41,240,0,661,0,132,0,215,116,330,158,485,277,"Wednesday",0,0,0,0,0,0,0,0,0,0,0,0,0,0,0,0,0,"21:30:00"
0,569,100,308,41,240,0,661,0,132,0,215,116,330,158,485,277,"Wednesday",0,0,0,0,0,0,0,0,0,0,0,0,0,0,0,0,0,"21:45:00"
0,569,100,308,41,240,0,661,0,132,0,215,116,330,158,485,277,"Wednesday",0,0,0,0,0,0,0,0,0,0,0,0,0,0,0,0,0,"22:00:00"
0,569,100,308,41,240,0,661,0,132,0,215,116,330,158,485,277,"Wednesday",0,0,0,0,0,0,0,0,0,0,0,0,0,0,0,0,0,"22:15:00"
0,569,100,308,41,240,0,661,0,132,0,215,116,330,158,485,277,"Wednesday",0,0,0,0,0,0,0,0,0,0,0,0,0,0,0,0,0,"22:30:00"
0,569,100,308,41,240,0,661,0,132,0,215,116,330,158,485,277,"Wednesday",0,0,0,0,0,0,0,0,0,0,0,0,0,0,0,0,0,"22:45:00"
0,569,100,308,41,240,0,661,0,132,0,215,116,330,158,485,277,"Wednesday",0,0,0,0,0,0,0,0,0,0,0,0,0,0,0,0,0,"23:00:00"
0,647,0,356,0,0,0,670,0,150,0,249,154,357,187,556,284,"Wednesday",0,78,-100,48,-41,-240,0,9,0,18,0,34,38,27,29,71,7,"23:15:00"
0,647,0,356,0,0,0,670,0,150,0,249,154,357,187,556,284,"Wednesday",0,0,0,0,0,0,0,0,0,0,0,0,0,0,0,0,0,"23:30:00"
0,647,0,356,0,0,0,670,0,150,0,249,154,357,187,556,284,"Wednesday",0,0,0,0,0,0,0,0,0,0,0,0,0,0,0,0,0,"23:45:00"
0,647,0,356,0,0,0,670,0,150,0,249,154,357,187,556,284,"Thursday",0,0,0,0,0,0,0,0,0,0,0,0,0,0,0,0,0,"00:00:00"
0,647,0,356,0,0,0,670,0,150,0,249,154,357,187,556,284,"Thursday",0,0,0,0,0,0,0,0,0,0,0,0,0,0,0,0,0,"00:15:00"
0,647,0,356,0,0,0,670,0,150,0,249,154,357,187,556,284,"Thursday",0,0,0,0,0,0,0,0,0,0,0,0,0,0,0,0,0,"00:30:00"
0,647,0,356,0,0,0,670,0,150,0,249,154,357,187,556,284,"Thursday",0,0,0,0,0,0,0,0,0,0,0,0,0,0,0,0,0,"00:45:00"
0,647,0,356,0,0,0,670,0,150,0,249,154,357,187,556,284,"Thursday",0,0,0,0,0,0,0,0,0,0,0,0,0,0,0,0,0,"01:00:00"
0,647,0,356,0,0,0,670,0,150,0,249,154,357,187,556,284,"Thursday",0,0,0,0,0,0,0,0,0,0,0,0,0,0,0,0,0,"01:15:00"
0,647,0,356,0,0,0,670,0,150,0,249,154,357,187,556,284,"Thursday",0,0,0,0,0,0,0,0,0,0,0,0,0,0,0,0,0,"01:30:00"
0,647,0,356,0,0,0,670,0,150,0,249,154,357,187,556,284,"Thursday",0,0,0,0,0,0,0,0,0,0,0,0,0,0,0,0,0,"01:45:00"
0,647,0,356,0,0,0,670,0,150,0,249,154,357,187,556,284,"Thursday",0,0,0,0,0,0,0,0,0,0,0,0,0,0,0,0,0,"02:00:00"
0,647,0,356,0,0,0,670,0,150,0,249,154,357,187,556,284,"Thursday",0,0,0,0,0,0,0,0,0,0,0,0,0,0,0,0,0,"02:15:00"
0,647,0,356,0,0,0,670,0,150,0,249,154,357,187,556,284,"Thursday",0,0,0,0,0,0,0,0,0,0,0,0,0,0,0,0,0,"02:30:00"
0,647,0,356,0,0,0,670,0,150,0,249,154,357,187,556,284,"Thursday",0,0,0,0,0,0,0,0,0,0,0,0,0,0,0,0,0,"02:45:00"
0,647,0,356,0,0,0,670,0,150,0,249,154,357,187,556,284,"Thursday",0,0,0,0,0,0,0,0,0,0,0,0,0,0,0,0,0,"03:00:00"
0,647,0,356,0,0,0,670,0,150,0,249,154,357,187,556,284,"Thursday",0,0,0,0,0,0,0,0,0,0,0,0,0,0,0,0,0,"03:15:00"
0,647,0,356,0,0,0,670,0,150,0,249,154,357,187,556,284,"Thursday",0,0,0,0,0,0,0,0,0,0,0,0,0,0,0,0,0,"03:30:00"
0,647,0,356,0,0,0,670,0,150,0,249,154,357,187,556,284,"Thursday",0,0,0,0,0,0,0,0,0,0,0,0,0,0,0,0,0,"03:45:00"
0,647,0,356,0,0,0,670,0,150,0,249,154,357,187,556,284,"Thursday",0,0,0,0,0,0,0,0,0,0,0,0,0,0,0,0,0,"04:00:00"
0,647,0,356,0,0,0,670,0,150,0,249,154,357,187,556,284,"Thursday",0,0,0,0,0,0,0,0,0,0,0,0,0,0,0,0,0,"04:15:00"
0,647,0,356,0,0,0,670,0,150,0,249,154,357,187,556,284,"Thursday",0,0,0,0,0,0,0,0,0,0,0,0,0,0,0,0,0,"04:30:00"
0,647,0,356,0,0,0,670,0,150,0,249,154,357,187,556,284,"Thursday",0,0,0,0,0,0,0,0,0,0,0,0,0,0,0,0,0,"04:45:00"
0,647,0,356,0,0,0,670,0,150,0,249,154,357,187,556,284,"Thursday",0,0,0,0,0,0,0,0,0,0,0,0,0,0,0,0,0,"05:00:00"
0,647,0,356,0,0,0,670,0,150,0,249,154,357,187,556,284,"Thursday",0,0,0,0,0,0,0,0,0,0,0,0,0,0,0,0,0,"05:15:00"
0,647,0,356,0,0,0,670,0,150,0,249,154,357,187,556,284,"Thursday",0,0,0,0,0,0,0,0,0,0,0,0,0,0,0,0,0,"05:30:00"
0,647,0,356,0,0,0,670,0,150,0,249,154,357,187,556,284,"Thursday",0,0,0,0,0,0,0,0,0,0,0,0,0,0,0,0,0,"05:45:00"
0,647,0,356,0,0,0,670,0,150,0,249,154,357,187,556,284,"Thursday",0,0,0,0,0,0,0,0,0,0,0,0,0,0,0,0,0,"06:00:00"
0,647,0,356,0,0,0,670,0,150,0,249,154,357,187,556,284,"Thursday",0,0,0,0,0,0,0,0,0,0,0,0,0,0,0,0,0,"06:15:00"
0,647,0,356,0,0,0,670,0,150,0,249,154,357,187,556,284,"Thursday",0,0,0,0,0,0,0,0,0,0,0,0,0,0,0,0,0,"06:30:00"
0,647,0,356,0,0,0,670,0,150,0,249,154,357,187,556,284,"Thursday",0,0,0,0,0,0,0,0,0,0,0,0,0,0,0,0,0,"06:45:00"
0,647,0,356,0,0,0,670,0,150,0,249,154,357,187,556,284,"Thursday",0,0,0,0,0,0,0,0,0,0,0,0,0,0,0,0,0,"07:00:00"
0,642,180,346,59,144,150,670,251,0,0,247,140,356,183,552,225,"Thursday",0,-5,180,-10,59,144,150,0,251,-150,0,-2,-14,-1,-4,-4,-59,"07:15:00"
0,631,177,337,58,144,150,662,248,0,0,248,136,352,177,543,223,"Thursday",0,-11,-3,-9,-1,0,0,-8,-3,0,0,1,-4,-4,-6,-9,-2,"07:30:00"
0,623,174,328,57,144,150,648,247,0,0,247,133,337,181,538,219,"Thursday",0,-8,-3,-9,-1,0,0,-14,-1,0,0,-1,-3,-15,4,-5,-4,"07:45:00"
0,598,167,317,56,144,150,637,244,150,0,249,133,320,175,524,212,"Thursday",0,-25,-7,-11,-1,0,0,-11,-3,150,0,2,0,-17,-6,-14,-7,"08:00:00"
0,585,157,307,55,144,150,619,238,148,0,242,126,307,171,506,203,"Thursday",0,-13,-10,-10,-1,0,0,-18,-6,-2,0,-7,-7,-13,-4,-18,-9,"08:15:00"
0,575,138,291,56,144,150,599,233,144,0,233,128,305,164,496,198,"Thursday",0,-10,-19,-16,1,0,0,-20,-5,-4,0,-9,2,-2,-7,-10,-5,"08:30:00"
0,563,133,277,54,144,150,578,227,133,0,223,118,304,157,495,198,"Thursday",0,-12,-5,-14,-2,0,0,-21,-6,-11,0,-10,-10,-1,-7,-1,0,"08:45:00"
0,533,120,263,54,144,150,547,219,113,0,208,117,294,160,485,193,"Thursday",0,-30,-13,-14,0,0,0,-31,-8,-20,0,-15,-1,-10,3,-10,-5,"09:00:00"
0,514,107,255,55,144,150,525,214,104,0,202,115,274,161,484,189,"Thursday",0,-19,-13,-8,1,0,0,-22,-5,-9,0,-6,-2,-20,1,-1,-4,"09:15:00"
0,498,97,237,55,144,150,499,201,89,0,190,108,253,156,482,193,"Thursday",0,-16,-10,-18,0,0,0,-26,-13,-15,0,-12,-7,-21,-5,-2,4,"09:30:00"
0,480,92,209,54,144,150,470,193,77,0,173,99,241,150,476,185,"Thursday",0,-18,-5,-28,-1,0,0,-29,-8,-12,0,-17,-9,-12,-6,-6,-8,"09:45:00"
0,455,71,170,50,144,150,434,182,55,0,169,95,227,146,471,184,"Thursday",0,-25,-21,-39,-4,0,0,-36,-11,-22,0,-4,-4,-14,-4,-5,-1,"10:00:00"
0,444,62,156,47,144,150,410,171,31,0,150,100,225,147,471,183,"Thursday",0,-11,-9,-14,-3,0,0,-24,-11,-24,0,-19,5,-2,1,0,-1,"10:15:00"
0,432,52,142,46,144,150,390,170,12,0,128,98,233,144,472,183,"Thursday",0,-12,-10,-14,-1,0,0,-20,-1,-19,0,-22,-2,8,-3,1,0,"10:30:00"
0,414,42,111,48,144,150,387,174,0,0,113,97,224,137,473,178,"Thursday",0,-18,-10,-31,2,0,0,-3,4,-12,0,-15,-1,-9,-7,1,-5,"10:45:00"
0,401,30,108,48,144,150,375,170,0,0,107,93,212,137,473,178,"Thursday",0,-13,-12,-3,0,0,0,-12,-4,0,0,-6,-4,-12,0,0,0,"11:00:00"
0,400,0,92,46,144,150,369,171,0,0,101,94,186,136,474,177,"Thursday",0,-1,-30,-16,-2,0,0,-6,1,0,0,-6,1,-26,-1,1,-1,"11:15:00"
0,383,0,82,45,144,150,358,168,0,0,96,98,184,135,476,180,"Thursday",0,-17,0,-10,-1,0,0,-11,-3,0,0,-5,4,-2,-1,2,3,"11:30:00"
0,377,0,79,45,144,150,349,163,0,0,93,93,181,125,475,181,"Thursday",0,-6,0,-3,0,0,0,-9,-5,0,0,-3,-5,-3,-10,-1,1,"11:45:00"
0,371,0,75,48,144,150,344,168,1,0,100,89,194,127,474,185,"Thursday",0,-6,0,-4,3,0,0,-5,5,1,0,7,-4,13,2,-1,4,"12:00:00"
0,377,1,81,50,144,150,345,166,0,0,103,93,203,130,476,191,"Thursday",0,6,1,6,2,0,0,1,-2,-1,0,3,4,9,3,2,6,"12:15:00"
0,380,0,79,55,144,150,342,171,3,0,113,88,208,129,477,193,"Thursday",0,3,-1,-2,5,0,0,-3,5,3,0,10,-5,5,-1,1,2,"12:30:00"
0,389,0,79,53,144,150,362,172,0,0,110,101,206,130,476,194,"Thursday",0,9,0,0,-2,0,0,20,1,-3,0,-3,13,-2,1,-1,1,"12:45:00"
0,391,16,75,52,144,150,363,172,0,0,120,98,214,134,475,195,"Thursday",0,2,16,-4,-1,0,0,1,0,0,0,10,-3,8,4,-1,1,"13:00:00"
0,402,26,83,52,144,150,366,172,5,0,125,100,222,131,482,197,"Thursday",0,11,10,8,0,0,0,3,0,5,0,5,2,8,-3,7,2,"13:15:00"
0,409,28,75,52,144,150,375,174,6,0,128,105,226,141,484,198,"Thursday",0,7,2,-8,0,0,0,9,2,1,0,3,5,4,10,2,1,"13:30:00"
0,418,38,77,48,144,150,380,177,4,0,125,102,222,140,485,198,"Thursday",0,9,10,2,-4,0,0,5,3,-2,0,-3,-3,-4,-1,1,0,"13:45:00"
0,418,47,78,47,144,150,379,182,2,0,120,100,230,144,482,194,"Thursday",0,0,9,1,-1,0,0,-1,5,-2,0,-5,-2,8,4,-3,-4,"14:00:00"
0,421,49,78,48,144,150,384,192,0,0,129,93,235,142,484,192,"Thursday",0,3,2,0,1,0,0,5,10,-2,0,9,-7,5,-2,2,-2,"14:15:00"
0,426,44,90,49,144,150,382,188,0,0,124,96,231,131,481,192,"Thursday",0,5,-5,12,1,0,0,-2,-4,0,0,-5,3,-4,-11,-3,0,"14:30:00"
0,421,33,87,49,144,150,387,188,0,0,122,98,230,132,476,183,"Thursday",0,-5,-11,-3,0,0,0,5,0,0,0,-2,2,-1,1,-5,-9,"14:45:00"
0,419,30,80,51,144,150,387,182,3,0,124,94,224,133,477,165,"Thursday",0,-2,-3,-7,2,0,0,0,-6,3,0,2,-4,-6,1,1,-18,"15:00:00"
0,426,24,82,38,144,150,388,174,0,0,126,94,227,131,474,155,"Thursday",0,7,-6,2,-13,0,0,1,-8,-3,0,2,0,3,-2,-3,-10,"15:15:00"
0,430,20,76,39,144,150,401,174,2,0,124,97,226,148,457,144,"Thursday",0,4,-4,-6,1,0,0,13,0,2,0,-2,3,-1,17,-17,-11,"15:30:00"
0,435,23,83,39,144,150,392,167,3,0,127,97,219,138,436,154,"Thursday",0,5,3,7,0,0,0,-9,-7,1,0,3,0,-7,-10,-21,10,"15:45:00"
0,433,12,84,41,144,150,388,166,9,0,126,94,215,135,433,165,"Thursday",0,-2,-11,1,2,0,0,-4,-1,6,0,-1,-3,-4,-3,-3,11,"16:00:00"
0,441,0,101,40,144,150,395,169,8,0,131,97,212,132,440,170,"Thursday",0,8,-12,17,-1,0,0,7,3,-1,0,5,3,-3,-3,7,5,"16:15:00"
0,442,4,110,40,144,150,398,163,0,0,125,101,211,124,446,173,"Thursday",0,1,4,9,0,0,0,3,-6,-8,0,-6,4,-1,-8,6,3,"16:30:00"
0,448,10,108,40,144,150,397,168,1,0,121,103,226,124,447,181,"Thursday",0,6,6,-2,0,0,0,-1,5,1,0,-4,2,15,0,1,8,"16:45:00"
0,449,8,101,41,144,150,400,181,8,0,120,106,231,124,439,189,"Thursday",0,1,-2,-7,1,0,0,3,13,7,0,-1,3,5,0,-8,8,"17:00:00"
0,470,26,90,42,144,150,400,187,17,0,113,102,239,131,439,191,"Thursday",0,21,18,-11,1,0,0,0,6,9,0,-7,-4,8,7,0,2,"17:15:00"
0,473,32,86,44,144,150,392,191,18,0,117,104,256,134,440,198,"Thursday",0,3,6,-4,2,0,0,-8,4,1,0,4,2,17,3,1,7,"17:30:00"
0,489,38,98,45,144,150,407,193,24,0,115,106,278,146,437,201,"Thursday",0,16,6,12,1,0,0,15,2,6,0,-2,2,22,12,-3,3,"17:45:00"
0,504,44,111,50,144,150,414,201,25,0,124,103,292,145,427,203,"Thursday",0,15,6,13,5,0,0,7,8,1,0,9,-3,14,-1,-10,2,"18:00:00"
0,515,43,115,51,144,150,442,202,31,0,132,107,313,143,424,199,"Thursday",0,11,-1,4,1,0,0,28,1,6,0,8,4,21,-2,-3,-4,"18:15:00"
0,541,38,127,53,144,150,457,206,45,0,132,103,320,142,427,206,"Thursday",0,26,-5,12,2,0,0,15,4,14,0,0,-4,7,-1,3,7,"18:30:00"
0,559,35,141,50,144,150,461,205,53,0,134,103,328,139,452,213,"Thursday",0,18,-3,14,-3,0,0,4,-1,8,0,2,0,8,-3,25,7,"18:45:00"
0,562,33,149,50,144,150,472,212,66,0,140,100,324,135,442,224,"Thursday",0,3,-2,8,0,0,0,11,7,13,0,6,-3,-4,-4,-10,11,"19:00:00"
0,566,35,155,52,144,150,475,216,74,0,151,98,323,138,444,224,"Thursday",0,4,2,6,2,0,0,3,4,8,0,11,-2,-1,3,2,0,"19:15:00"
0,565,38,180,53,144,150,493,223,80,0,151,105,326,136,420,225,"Thursday",0,-1,3,25,1,0,0,18,7,6,0,0,7,3,-2,-24,1,"19:30:00"
0,568,39,199,51,144,150,496,225,87,0,160,103,331,142,410,232,"Thursday",0,3,1,19,-2,0,0,3,2,7,0,9,-2,5,6,-10,7,"19:45:00"
0,574,48,210,54,144,150,509,228,98,0,177,117,334,147,414,235,"Thursday",0,6,9,11,3,0,0,13,3,11,0,17,14,3,5,4,3,"20:00:00"
0,582,56,229,52,144,150,535,0,118,0,191,120,335,147,417,246,"Thursday",0,8,8,19,-2,0,0,26,-228,20,0,14,3,1,0,3,11,"20:15:00"
0,593,64,243,52,144,150,543,0,126,0,193,127,341,150,409,252,"Thursday",0,11,8,14,0,0,0,8,0,8,0,2,7,6,3,-8,6,"20:30:00"
0,597,68,256,51,144,150,559,0,129,0,199,133,349,152,406,254,"Thursday",0,4,4,13,-1,0,0,16,0,3,0,6,6,8,2,-3,2,"20:45:00"
0,610,81,263,52,144,0,576,0,135,0,206,137,360,157,407,255,"Thursday",0,13,13,7,1,0,-150,17,0,6,0,7,4,11,5,1,1,"21:00:00"
0,610,81,263,52,144,0,576,0,135,0,206,137,360,157,407,255,"Thursday",0,0,0,0,0,0,0,0,0,0,0,0,0,0,0,0,0,"21:15:00"
0,610,81,263,52,144,0,576,0,135,0,206,137,360,157,407,255,"Thursday",0,0,0,0,0,0,0,0,0,0,0,0,0,0,0,0,0,"21:30:00"
0,610,81,263,52,144,0,576,0,135,0,206,137,360,157,407,255,"Thursday",0,0,0,0,0,0,0,0,0,0,0,0,0,0,0,0,0,"21:45:00"
0,610,81,263,52,144,0,576,0,135,0,206,137,360,157,407,255,"Thursday",0,0,0,0,0,0,0,0,0,0,0,0,0,0,0,0,0,"22:00:00"
0,610,81,263,52,144,0,576,0,135,0,206,137,360,157,407,255,"Thursday",0,0,0,0,0,0,0,0,0,0,0,0,0,0,0,0,0,"22:15:00"
0,610,81,263,52,144,0,576,0,135,0,206,137,360,157,407,255,"Thursday",0,0,0,0,0,0,0,0,0,0,0,0,0,0,0,0,0,"22:30:00"
0,610,81,263,52,144,0,576,0,135,0,206,137,360,157,407,255,"Thursday",0,0,0,0,0,0,0,0,0,0,0,0,0,0,0,0,0,"22:45:00"
0,610,81,263,52,144,0,576,0,135,0,206,137,360,157,407,255,"Thursday",0,0,0,0,0,0,0,0,0,0,0,0,0,0,0,0,0,"23:00:00"
0,658,0,338,0,0,0,672,0,0,0,240,169,390,194,528,282,"Thursday",0,48,-81,75,-52,-144,0,96,0,-135,0,34,32,30,37,121,27,"23:15:00"
0,658,0,338,0,0,0,672,0,0,0,240,169,390,194,528,282,"Thursday",0,0,0,0,0,0,0,0,0,0,0,0,0,0,0,0,0,"23:30:00"
0,658,0,338,0,0,0,672,0,0,0,240,169,390,194,528,282,"Thursday",0,0,0,0,0,0,0,0,0,0,0,0,0,0,0,0,0,"23:45:00"
0,658,0,338,0,0,0,672,0,0,0,240,169,390,194,528,282,"Friday",0,0,0,0,0,0,0,0,0,0,0,0,0,0,0,0,0,"00:00:00"
0,658,0,338,0,0,0,672,0,0,0,240,169,390,194,528,282,"Friday",0,0,0,0,0,0,0,0,0,0,0,0,0,0,0,0,0,"00:15:00"
0,658,0,338,0,0,0,672,0,0,0,240,169,390,194,528,282,"Friday",0,0,0,0,0,0,0,0,0,0,0,0,0,0,0,0,0,"00:30:00"
0,658,0,338,0,0,0,672,0,0,0,240,169,390,194,528,282,"Friday",0,0,0,0,0,0,0,0,0,0,0,0,0,0,0,0,0,"00:45:00"
0,658,0,338,0,0,0,672,0,0,0,240,169,390,194,528,282,"Friday",0,0,0,0,0,0,0,0,0,0,0,0,0,0,0,0,0,"01:00:00"
0,658,0,338,0,0,0,672,0,0,0,240,169,390,194,528,282,"Friday",0,0,0,0,0,0,0,0,0,0,0,0,0,0,0,0,0,"01:15:00"
0,658,0,338,0,0,0,672,0,0,0,240,169,390,194,528,282,"Friday",0,0,0,0,0,0,0,0,0,0,0,0,0,0,0,0,0,"01:30:00"
0,658,0,338,0,0,0,672,0,0,0,240,169,390,194,528,282,"Friday",0,0,0,0,0,0,0,0,0,0,0,0,0,0,0,0,0,"01:45:00"
0,658,0,338,0,0,0,672,0,0,0,240,169,390,194,528,282,"Friday",0,0,0,0,0,0,0,0,0,0,0,0,0,0,0,0,0,"02:00:00"
0,658,0,338,0,0,0,672,0,0,0,240,169,390,194,528,282,"Friday",0,0,0,0,0,0,0,0,0,0,0,0,0,0,0,0,0,"02:15:00"
0,658,0,338,0,0,0,672,0,0,0,240,169,390,194,528,282,"Friday",0,0,0,0,0,0,0,0,0,0,0,0,0,0,0,0,0,"02:30:00"
0,658,0,338,0,0,0,672,0,0,0,240,169,390,194,528,282,"Friday",0,0,0,0,0,0,0,0,0,0,0,0,0,0,0,0,0,"02:45:00"
0,658,0,338,0,0,0,672,0,0,0,240,169,390,194,528,282,"Friday",0,0,0,0,0,0,0,0,0,0,0,0,0,0,0,0,0,"03:00:00"
0,658,0,338,0,0,0,672,0,0,0,240,169,390,194,528,282,"Friday",0,0,0,0,0,0,0,0,0,0,0,0,0,0,0,0,0,"03:15:00"
0,658,0,338,0,0,0,672,0,0,0,240,169,390,194,528,282,"Friday",0,0,0,0,0,0,0,0,0,0,0,0,0,0,0,0,0,"03:30:00"
0,658,0,338,0,0,0,672,0,0,0,240,169,390,194,528,282,"Friday",0,0,0,0,0,0,0,0,0,0,0,0,0,0,0,0,0,"03:45:00"
0,658,0,338,0,0,0,672,0,0,0,240,169,390,194,528,282,"Friday",0,0,0,0,0,0,0,0,0,0,0,0,0,0,0,0,0,"04:00:00"
0,658,0,338,0,0,0,672,0,0,0,240,169,390,194,528,282,"Friday",0,0,0,0,0,0,0,0,0,0,0,0,0,0,0,0,0,"04:15:00"
0,658,0,338,0,0,0,672,0,0,0,240,169,390,194,528,282,"Friday",0,0,0,0,0,0,0,0,0,0,0,0,0,0,0,0,0,"04:30:00"
0,658,0,338,0,0,0,672,0,0,0,240,169,390,194,528,282,"Friday",0,0,0,0,0,0,0,0,0,0,0,0,0,0,0,0,0,"04:45:00"
0,658,0,338,0,0,0,672,0,0,0,240,169,390,194,528,282,"Friday",0,0,0,0,0,0,0,0,0,0,0,0,0,0,0,0,0,"05:00:00"
0,658,0,338,0,0,0,672,0,0,0,240,169,390,194,528,282,"Friday",0,0,0,0,0,0,0,0,0,0,0,0,0,0,0,0,0,"05:15:00"
0,658,0,338,0,0,0,672,0,0,0,240,169,390,194,528,282,"Friday",0,0,0,0,0,0,0,0,0,0,0,0,0,0,0,0,0,"05:30:00"
0,658,0,338,0,0,0,672,0,0,0,240,169,390,194,528,282,"Friday",0,0,0,0,0,0,0,0,0,0,0,0,0,0,0,0,0,"05:45:00"
0,658,0,338,0,0,0,672,0,0,0,240,169,390,194,528,282,"Friday",0,0,0,0,0,0,0,0,0,0,0,0,0,0,0,0,0,"06:00:00"
0,658,0,338,0,0,0,672,0,0,0,240,169,390,194,528,282,"Friday",0,0,0,0,0,0,0,0,0,0,0,0,0,0,0,0,0,"06:15:00"
0,658,0,338,0,0,0,672,0,0,0,240,169,390,194,528,282,"Friday",0,0,0,0,0,0,0,0,0,0,0,0,0,0,0,0,0,"06:30:00"
0,658,0,338,0,0,0,672,0,0,0,240,169,390,194,528,282,"Friday",0,0,0,0,0,0,0,0,0,0,0,0,0,0,0,0,0,"06:45:00"
0,658,0,338,0,0,0,672,0,0,0,240,169,390,194,528,282,"Friday",0,0,0,0,0,0,0,0,0,0,0,0,0,0,0,0,0,"07:00:00"
0,649,178,338,54,144,387,677,251,0,0,216,142,345,188,560,240,"Friday",0,-9,178,0,54,144,387,5,251,0,0,-24,-27,-45,-6,32,-42,"07:15:00"
0,633,177,324,53,144,387,675,248,0,0,216,141,337,190,555,234,"Friday",0,-16,-1,-14,-1,0,0,-2,-3,0,0,0,-1,-8,2,-5,-6,"07:30:00"
0,615,168,320,53,144,387,667,246,150,0,214,139,331,194,550,228,"Friday",0,-18,-9,-4,0,0,0,-8,-2,150,0,-2,-2,-6,4,-5,-6,"07:45:00"
0,602,156,309,52,144,387,666,243,147,0,210,139,319,188,540,227,"Friday",0,-13,-12,-11,-1,0,0,-1,-3,-3,0,-4,0,-12,-6,-10,-1,"08:00:00"
0,596,150,306,52,144,387,657,241,144,0,208,134,306,189,536,224,"Friday",0,-6,-6,-3,0,0,0,-9,-2,-3,0,-2,-5,-13,1,-4,-3,"08:15:00"
0,570,151,298,49,144,387,648,236,139,0,209,130,292,183,527,223,"Friday",0,-26,1,-8,-3,0,0,-9,-5,-5,0,1,-4,-14,-6,-9,-1,"08:30:00"
0,560,138,281,48,144,387,638,230,138,0,204,131,285,177,519,219,"Friday",0,-10,-13,-17,-1,0,0,-10,-6,-1,0,-5,1,-7,-6,-8,-4,"08:45:00"
0,536,119,256,45,144,387,632,228,129,0,189,135,270,175,520,216,"Friday",0,-24,-19,-25,-3,0,0,-6,-2,-9,0,-15,4,-15,-2,1,-3,"09:00:00"
0,525,100,243,44,144,387,619,222,116,0,187,133,263,177,514,215,"Friday",0,-11,-19,-13,-1,0,0,-13,-6,-13,0,-2,-2,-7,2,-6,-1,"09:15:00"
0,522,82,225,44,0,241,617,219,103,0,158,141,249,169,515,213,"Friday",0,-3,-18,-18,0,-144,-146,-2,-3,-13,0,-29,8,-14,-8,1,-2,"09:30:00"
0,512,68,198,42,144,241,599,218,90,0,151,136,239,165,512,213,"Friday",0,-10,-14,-27,-2,144,0,-18,-1,-13,0,-7,-5,-10,-4,-3,0,"09:45:00"
0,490,51,177,42,144,241,571,203,62,0,139,128,220,163,505,208,"Friday",0,-22,-17,-21,0,0,0,-28,-15,-28,0,-12,-8,-19,-2,-7,-5,"10:00:00"
0,483,45,172,42,144,241,570,196,36,0,123,122,214,158,499,215,"Friday",0,-7,-6,-5,0,0,0,-1,-7,-26,0,-16,-6,-6,-5,-6,7,"10:15:00"
0,460,35,153,40,144,241,562,185,9,0,109,117,199,158,500,215,"Friday",0,-23,-10,-19,-2,0,0,-8,-11,-27,0,-14,-5,-15,0,1,0,"10:30:00"
0,439,0,139,38,144,241,298,177,0,0,94,121,197,152,497,211,"Friday",0,-21,-35,-14,-2,0,0,-264,-8,-9,0,-15,4,-2,-6,-3,-4,"10:45:00"
0,437,0,119,36,144,241,290,175,0,0,88,127,199,147,497,208,"Friday",0,-2,0,-20,-2,0,0,-8,-2,0,0,-6,6,2,-5,0,-3,"11:00:00"
0,437,0,101,36,144,241,292,176,0,0,73,125,194,148,496,203,"Friday",0,0,0,-18,0,0,0,2,1,0,0,-15,-2,-5,1,-1,-5,"11:15:00"
0,427,0,97,31,144,241,297,177,0,0,66,126,185,144,500,201,"Friday",0,-10,0,-4,-5,0,0,5,1,0,0,-7,1,-9,-4,4,-2,"11:30:00"
0,417,0,97,26,144,241,317,179,0,0,63,121,176,143,497,201,"Friday",0,-10,0,0,-5,0,0,20,2,0,0,-3,-5,-9,-1,-3,0,"11:45:00"
0,409,0,86,15,144,241,315,190,0,0,51,118,167,150,496,203,"Friday",0,-8,0,-11,-11,0,0,-2,11,0,0,-12,-3,-9,7,-1,2,"12:00:00"
0,410,0,88,7,144,241,328,189,0,0,51,113,162,155,494,209,"Friday",0,1,0,2,-8,0,0,13,-1,0,0,0,-5,-5,5,-2,6,"12:15:00"
0,405,17,93,9,144,241,359,190,0,0,55,114,163,157,496,214,"Friday",0,-5,17,5,2,0,0,31,1,0,0,4,1,1,2,2,5,"12:30:00"
0,406,33,98,25,144,241,382,188,0,0,68,105,169,152,500,215,"Friday",0,1,16,5,16,0,0,23,-2,0,0,13,-9,6,-5,4,1,"12:45:00"
0,399,42,105,27,144,241,399,185,0,0,74,104,184,153,506,211,"Friday",0,-7,9,7,2,0,0,17,-3,0,0,6,-1,15,1,6,-4,"13:00:00"
0,401,57,104,26,144,241,426,188,0,0,83,109,203,163,508,221,"Friday",0,2,15,-1,-1,0,0,27,3,0,0,9,5,19,10,2,10,"13:15:00"
0,417,59,103,31,144,241,439,192,0,0,99,99,218,154,514,231,"Friday",0,16,2,-1,5,0,0,13,4,0,0,16,-10,15,-9,6,10,"13:30:00"
0,432,54,123,27,144,241,473,185,0,0,90,93,214,162,519,241,"Friday",0,15,-5,20,-4,0,0,34,-7,0,0,-9,-6,-4,8,5,10,"13:45:00"
0,438,50,113,27,144,241,487,189,2,0,85,87,223,160,525,243,"Friday",0,6,-4,-10,0,0,0,14,4,2,0,-5,-6,9,-2,6,2,"14:00:00"
0,447,38,106,28,144,241,499,192,3,0,83,103,219,160,529,244,"Friday",0,9,-12,-7,1,0,0,12,3,1,0,-2,16,-4,0,4,1,"14:15:00"
0,453,37,113,28,144,241,523,191,6,0,79,119,219,162,526,251,"Friday",0,6,-1,7,0,0,0,24,-1,3,0,-4,16,0,2,-3,7,"14:30:00"
0,448,43,112,27,144,241,548,195,3,0,78,116,219,166,521,251,"Friday",0,-5,6,-1,-1,0,0,25,4,-3,0,-1,-3,0,4,-5,0,"14:45:00"
0,448,30,113,26,144,241,558,193,0,0,79,107,218,163,519,256,"Friday",0,0,-13,1,-1,0,0,10,-2,-3,0,1,-9,-1,-3,-2,5,"15:00:00"
0,456,16,118,31,144,241,566,186,2,0,85,103,218,159,517,259,"Friday",0,8,-14,5,5,0,0,8,-7,2,0,6,-4,0,-4,-2,3,"15:15:00"
0,477,16,105,33,144,241,578,181,0,0,85,104,214,165,515,259,"Friday",0,21,0,-13,2,0,0,12,-5,-2,0,0,1,-4,6,-2,0,"15:30:00"
0,478,18,95,37,144,241,368,179,0,0,77,108,214,163,513,260,"Friday",0,1,2,-10,4,0,0,-210,-2,0,0,-8,4,0,-2,-2,1,"15:45:00"
0,480,14,92,35,144,241,380,175,2,0,72,114,216,163,512,260,"Friday",0,2,-4,-3,-2,0,0,12,-4,2,0,-5,6,2,0,-1,0,"16:00:00"
0,487,6,90,37,144,241,390,177,8,0,72,111,213,157,514,258,"Friday",0,7,-8,-2,2,0,0,10,2,6,0,0,-3,-3,-6,2,-2,"16:15:00"
0,483,15,91,36,144,241,399,174,6,0,77,109,219,160,514,253,"Friday",0,-4,9,1,-1,0,0,9,-3,-2,0,5,-2,6,3,0,-5,"16:30:00"
0,492,3,101,37,144,241,415,172,0,0,82,116,207,147,515,253,"Friday",0,9,-12,10,1,0,0,16,-2,-6,0,5,7,-12,-13,1,0,"16:45:00"
0,494,6,101,36,144,241,366,170,0,0,73,121,208,148,512,255,"Friday",0,2,3,0,-1,0,0,-49,-2,0,0,-9,5,1,1,-3,2,"17:00:00"
0,499,15,98,37,144,241,383,167,0,0,81,126,210,149,495,252,"Friday",0,5,9,-3,1,0,0,17,-3,0,0,8,5,2,1,-17,-3,"17:15:00"
0,497,33,108,36,144,241,399,168,9,0,94,127,207,144,453,247,"Friday",0,-2,18,10,-1,0,0,16,1,9,0,13,1,-3,-5,-42,-5,"17:30:00"
0,502,44,102,34,144,241,430,172,4,0,93,130,211,136,432,235,"Friday",0,5,11,-6,-2,0,0,31,4,-5,0,-1,3,4,-8,-21,-12,"17:45:00"
0,512,40,114,36,144,241,404,176,0,0,92,126,203,133,414,230,"Friday",0,10,-4,12,2,0,0,-26,4,-4,0,-1,-4,-8,-3,-18,-5,"18:00:00"
0,521,46,132,35,144,241,431,178,9,0,82,117,214,134,395,225,"Friday",0,9,6,18,-1,0,0,27,2,9,0,-10,-9,11,1,-19,-5,"18:15:00"
0,535,59,133,33,144,241,450,181,12,0,88,111,206,133,374,223,"Friday",0,14,13,1,-2,0,0,19,3,3,0,6,-6,-8,-1,-21,-2,"18:30:00"
0,554,64,150,33,144,241,477,194,24,0,95,115,213,138,349,213,"Friday",0,19,5,17,0,0,0,27,13,12,0,7,4,7,5,-25,-10,"18:45:00"
0,559,68,163,32,144,241,502,195,32,0,85,111,218,138,322,200,"Friday",0,5,4,13,-1,0,0,25,1,8,0,-10,-4,5,0,-27,-13,"19:00:00"
0,563,63,168,32,144,241,523,201,41,0,87,106,223,142,276,189,"Friday",0,4,-5,5,0,0,0,21,6,9,0,2,-5,5,4,-46,-11,"19:15:00"
0,567,61,169,34,144,241,545,205,54,0,98,103,225,142,227,187,"Friday",0,4,-2,1,2,0,0,22,4,13,0,11,-3,2,0,-49,-2,"19:30:00"
0,571,64,179,34,144,241,570,215,75,0,99,98,229,137,173,184,"Friday",0,4,3,10,0,0,0,25,10,21,0,1,-5,4,-5,-54,-3,"19:45:00"
0,570,57,186,35,144,241,583,218,94,0,111,101,236,135,157,184,"Friday",0,-1,-7,7,1,0,0,13,3,19,0,12,3,7,-2,-16,0,"20:00:00"
0,573,51,197,30,144,241,593,0,110,0,126,105,233,130,145,186,"Friday",0,3,-6,11,-5,0,0,10,-218,16,0,15,4,-3,-5,-12,2,"20:15:00"
0,575,56,207,34,144,241,614,0,124,0,128,105,244,142,145,188,"Friday",0,2,5,10,4,0,0,21,0,14,0,2,0,11,12,0,2,"20:30:00"
0,580,55,214,35,144,241,619,0,126,0,134,107,253,151,160,192,"Friday",0,5,-1,7,1,0,0,5,0,2,0,6,2,9,9,15,4,"20:45:00"
0,587,63,216,37,144,0,630,0,124,0,143,108,255,158,165,202,"Friday",0,7,8,2,2,0,-241,11,0,-2,0,9,1,2,7,5,10,"21:00:00"
0,588,63,216,37,144,0,631,0,124,0,145,109,256,158,164,202,"Friday",0,1,0,0,0,0,0,1,0,0,0,2,1,1,0,-1,0,"21:15:00"
0,588,63,216,37,144,0,631,0,124,0,145,109,256,158,164,202,"Friday",0,0,0,0,0,0,0,0,0,0,0,0,0,0,0,0,0,"21:30:00"
0,588,63,216,37,144,0,631,0,124,0,145,109,256,158,164,202,"Friday",0,0,0,0,0,0,0,0,0,0,0,0,0,0,0,0,0,"21:45:00"
0,588,63,216,37,144,0,631,0,124,0,145,109,256,158,164,202,"Friday",0,0,0,0,0,0,0,0,0,0,0,0,0,0,0,0,0,"22:00:00"
0,588,63,216,37,144,0,631,0,124,0,145,109,256,158,164,202,"Friday",0,0,0,0,0,0,0,0,0,0,0,0,0,0,0,0,0,"22:15:00"
0,588,63,216,37,144,0,631,0,124,0,145,109,256,158,164,202,"Friday",0,0,0,0,0,0,0,0,0,0,0,0,0,0,0,0,0,"22:30:00"
0,588,63,216,37,144,0,631,0,124,0,145,109,256,158,164,202,"Friday",0,0,0,0,0,0,0,0,0,0,0,0,0,0,0,0,0,"22:45:00"
0,588,63,216,37,144,0,631,0,124,0,145,109,256,158,164,202,"Friday",0,0,0,0,0,0,0,0,0,0,0,0,0,0,0,0,0,"23:00:00"
0,646,0,344,0,144,0,712,0,0,0,191,159,308,175,389,261,"Friday",0,58,-63,128,-37,0,0,81,0,-124,0,46,50,52,17,225,59,"23:15:00"
0,646,0,344,0,144,0,712,0,0,0,191,159,308,175,389,261,"Friday",0,0,0,0,0,0,0,0,0,0,0,0,0,0,0,0,0,"23:30:00"
0,646,0,344,0,144,0,712,0,0,0,191,159,308,175,389,261,"Friday",0,0,0,0,0,0,0,0,0,0,0,0,0,0,0,0,0,"23:45:00"
0,646,0,344,0,144,0,712,0,0,0,191,159,308,175,389,261,"Saturday",0,0,0,0,0,0,0,0,0,0,0,0,0,0,0,0,0,"00:00:00"
0,646,0,344,0,144,0,712,0,0,0,191,159,308,175,389,261,"Saturday",0,0,0,0,0,0,0,0,0,0,0,0,0,0,0,0,0,"00:15:00"
0,646,0,344,0,144,0,712,0,0,0,191,159,308,175,389,261,"Saturday",0,0,0,0,0,0,0,0,0,0,0,0,0,0,0,0,0,"00:30:00"
0,646,0,344,0,144,0,712,0,0,0,191,159,308,175,389,261,"Saturday",0,0,0,0,0,0,0,0,0,0,0,0,0,0,0,0,0,"00:45:00"
0,646,0,344,0,144,0,712,0,0,0,191,159,308,175,389,261,"Saturday",0,0,0,0,0,0,0,0,0,0,0,0,0,0,0,0,0,"01:00:00"
0,646,0,344,0,144,0,712,0,0,0,191,159,308,175,389,261,"Saturday",0,0,0,0,0,0,0,0,0,0,0,0,0,0,0,0,0,"01:15:00"
0,646,0,344,0,144,0,712,0,0,0,191,159,308,175,389,261,"Saturday",0,0,0,0,0,0,0,0,0,0,0,0,0,0,0,0,0,"01:30:00"
0,646,0,344,0,144,0,712,0,0,0,191,159,308,175,389,261,"Saturday",0,0,0,0,0,0,0,0,0,0,0,0,0,0,0,0,0,"01:45:00"
0,646,0,344,0,144,0,712,0,0,0,191,159,308,175,389,261,"Saturday",0,0,0,0,0,0,0,0,0,0,0,0,0,0,0,0,0,"02:00:00"
0,646,0,344,0,144,0,712,0,0,0,191,159,308,175,389,261,"Saturday",0,0,0,0,0,0,0,0,0,0,0,0,0,0,0,0,0,"02:15:00"
0,646,0,344,0,144,0,712,0,0,0,191,159,308,175,389,261,"Saturday",0,0,0,0,0,0,0,0,0,0,0,0,0,0,0,0,0,"02:30:00"
0,646,0,344,0,144,0,712,0,0,0,191,159,308,175,389,261,"Saturday",0,0,0,0,0,0,0,0,0,0,0,0,0,0,0,0,0,"02:45:00"
0,646,0,344,0,144,0,712,0,0,0,191,159,308,175,389,261,"Saturday",0,0,0,0,0,0,0,0,0,0,0,0,0,0,0,0,0,"03:00:00"
0,646,0,344,0,144,0,712,0,0,0,191,159,308,175,389,261,"Saturday",0,0,0,0,0,0,0,0,0,0,0,0,0,0,0,0,0,"03:15:00"
0,646,0,344,0,144,0,712,0,0,0,191,159,308,175,389,261,"Saturday",0,0,0,0,0,0,0,0,0,0,0,0,0,0,0,0,0,"03:30:00"
0,646,0,344,0,144,0,712,0,0,0,191,159,308,175,389,261,"Saturday",0,0,0,0,0,0,0,0,0,0,0,0,0,0,0,0,0,"03:45:00"
0,646,0,344,0,144,0,712,0,0,0,191,159,308,175,389,261,"Saturday",0,0,0,0,0,0,0,0,0,0,0,0,0,0,0,0,0,"04:00:00"
0,646,0,344,0,144,0,712,0,0,0,191,159,308,175,389,261,"Saturday",0,0,0,0,0,0,0,0,0,0,0,0,0,0,0,0,0,"04:15:00"
0,646,0,344,0,144,0,712,0,0,0,191,159,308,175,389,261,"Saturday",0,0,0,0,0,0,0,0,0,0,0,0,0,0,0,0,0,"04:30:00"
0,646,0,344,0,144,0,712,0,0,0,191,159,308,175,389,261,"Saturday",0,0,0,0,0,0,0,0,0,0,0,0,0,0,0,0,0,"04:45:00"
0,646,0,344,0,144,0,712,0,0,0,191,159,308,175,389,261,"Saturday",0,0,0,0,0,0,0,0,0,0,0,0,0,0,0,0,0,"05:00:00"
0,646,0,344,0,144,0,712,0,0,0,191,159,308,175,389,261,"Saturday",0,0,0,0,0,0,0,0,0,0,0,0,0,0,0,0,0,"05:15:00"
0,646,0,344,0,144,0,712,0,0,0,191,159,308,175,389,261,"Saturday",0,0,0,0,0,0,0,0,0,0,0,0,0,0,0,0,0,"05:30:00"
0,646,0,344,0,144,0,712,0,0,0,191,159,308,175,389,261,"Saturday",0,0,0,0,0,0,0,0,0,0,0,0,0,0,0,0,0,"05:45:00"
0,646,0,344,0,144,0,712,0,0,0,191,159,308,175,389,261,"Saturday",0,0,0,0,0,0,0,0,0,0,0,0,0,0,0,0,0,"06:00:00"
0,646,0,344,0,144,0,712,0,0,0,191,159,308,175,389,261,"Saturday",0,0,0,0,0,0,0,0,0,0,0,0,0,0,0,0,0,"06:15:00"
0,646,0,344,0,144,0,712,0,0,0,191,159,308,175,389,261,"Saturday",0,0,0,0,0,0,0,0,0,0,0,0,0,0,0,0,0,"06:30:00"
0,646,0,344,0,144,0,712,0,0,0,191,159,308,175,389,261,"Saturday",0,0,0,0,0,0,0,0,0,0,0,0,0,0,0,0,0,"06:45:00"
0,646,0,344,0,144,0,712,0,0,0,191,159,308,175,389,261,"Saturday",0,0,0,0,0,0,0,0,0,0,0,0,0,0,0,0,0,"07:00:00"
0,656,177,351,57,144,242,649,209,0,0,201,174,325,188,579,283,"Saturday",0,10,177,7,57,0,242,-63,209,0,0,10,15,17,13,190,22,"07:15:00"
0,654,177,352,57,144,242,641,204,0,0,201,174,325,188,579,284,"Saturday",0,-2,0,1,0,0,0,-8,-5,0,0,0,0,0,0,0,1,"07:30:00"
0,649,173,347,57,144,242,404,194,150,0,201,174,320,185,578,284,"Saturday",0,-5,-4,-5,0,0,0,-237,-10,150,0,0,0,-5,-3,-1,0,"08:00:00"
0,646,167,341,56,144,242,404,190,150,0,201,175,319,186,578,284,"Saturday",0,-3,-6,-6,-1,0,0,0,-4,0,0,0,1,-1,1,0,0,"08:15:00"
0,646,164,338,56,144,242,403,182,137,0,199,174,313,186,578,284,"Saturday",0,0,-3,-3,0,0,0,-1,-8,-13,0,-2,-1,-6,0,0,0,"08:30:00"
0,644,158,332,54,144,242,404,181,125,0,193,173,310,181,578,284,"Saturday",0,-2,-6,-6,-2,0,0,1,-1,-12,0,-6,-1,-3,-5,0,0,"08:45:00"
0,636,151,322,54,144,242,405,171,112,0,183,170,306,176,576,286,"Saturday",0,-8,-7,-10,0,0,0,1,-10,-13,0,-10,-3,-4,-5,-2,2,"09:00:00"
0,625,145,306,53,144,242,397,174,92,0,168,168,298,175,574,286,"Saturday",0,-11,-6,-16,-1,0,0,-8,3,-20,0,-15,-2,-8,-1,-2,0,"09:15:00"
0,590,141,288,49,144,242,384,164,66,0,152,158,293,174,571,286,"Saturday",0,-35,-4,-18,-4,0,0,-13,-10,-26,0,-16,-10,-5,-1,-3,0,"09:30:00"
0,574,129,243,45,144,242,372,148,34,0,137,160,278,170,569,285,"Saturday",0,-16,-12,-45,-4,0,0,-12,-16,-32,0,-15,2,-15,-4,-2,-1,"09:45:00"
0,537,97,191,39,144,242,352,121,1,0,99,158,264,156,566,284,"Saturday",0,-37,-32,-52,-6,0,0,-20,-27,-33,0,-38,-2,-14,-14,-3,-1,"10:00:00"
0,505,65,140,31,144,242,328,105,0,0,65,151,252,148,562,281,"Saturday",0,-32,-32,-51,-8,0,0,-24,-16,-1,0,-34,-7,-12,-8,-4,-3,"10:15:00"
0,478,57,104,27,144,242,323,90,0,0,35,149,232,140,555,279,"Saturday",0,-27,-8,-36,-4,0,0,-5,-15,0,0,-30,-2,-20,-8,-7,-2,"10:30:00"
0,439,36,72,27,144,242,315,86,0,0,0,150,218,136,553,278,"Saturday",0,-39,-21,-32,0,0,0,-8,-4,0,0,-35,1,-14,-4,-2,-1,"10:45:00"
0,406,0,46,25,144,242,320,59,0,0,0,143,192,125,548,277,"Saturday",0,-33,-36,-26,-2,0,0,5,-27,0,0,0,-7,-26,-11,-5,-1,"11:00:00"
0,372,0,24,20,144,242,39,50,0,0,0,143,180,119,545,275,"Saturday",0,-34,0,-22,-5,0,0,-281,-9,0,0,0,0,-12,-6,-3,-2,"11:15:00"
0,324,0,0,17,144,242,37,33,0,0,0,145,152,115,544,275,"Saturday",0,-48,0,-24,-3,0,0,-2,-17,0,0,0,2,-28,-4,-1,0,"11:30:00"
0,252,0,0,15,0,50,4,15,0,0,0,133,123,109,538,276,"Saturday",0,-72,0,0,-2,-144,-192,-33,-18,0,0,0,-12,-29,-6,-6,1,"11:45:00"
0,218,0,0,9,0,0,22,6,0,0,0,127,84,99,537,276,"Saturday",0,-34,0,0,-6,0,-50,18,-9,0,0,0,-6,-39,-10,-1,0,"12:00:00"
0,184,0,0,0,0,0,10,3,0,0,0,122,35,90,533,275,"Saturday",0,-34,0,0,-9,0,0,-12,-3,0,0,0,-5,-49,-9,-4,-1,"12:15:00"
0,120,0,0,0,0,0,17,1,0,0,0,121,2,75,534,272,"Saturday",0,-64,0,0,0,0,0,7,-2,0,0,0,-1,-33,-15,1,-3,"12:30:00"
0,87,0,0,0,0,0,10,0,0,0,0,117,2,60,531,271,"Saturday",0,-33,0,0,0,0,0,-7,-1,0,0,0,-4,0,-15,-3,-1,"12:45:00"
0,56,0,0,2,0,0,19,0,0,0,0,115,2,48,531,270,"Saturday",0,-31,0,0,2,0,0,9,0,0,0,0,-2,0,-12,0,-1,"13:00:00"
0,47,1,0,1,0,0,43,3,0,0,1,112,3,31,533,267,"Saturday",0,-9,1,0,-1,0,0,24,3,0,0,1,-3,1,-17,2,-3,"13:15:00"
0,50,0,2,0,0,0,71,5,0,0,0,110,25,27,530,267,"Saturday",0,3,-1,2,-1,0,0,28,2,0,0,-1,-2,22,-4,-3,0,"13:30:00"
0,70,0,3,1,0,10,11,2,0,0,0,101,22,23,527,267,"Saturday",0,20,0,1,1,0,10,-60,-3,0,0,0,-9,-3,-4,-3,0,"13:45:00"
0,67,0,2,3,0,0,33,13,0,0,2,99,20,22,519,268,"Saturday",0,-3,0,-1,2,0,-10,22,11,0,0,2,-2,-2,-1,-8,1,"14:00:00"
0,87,0,1,5,0,10,4,21,0,0,1,95,8,17,515,268,"Saturday",0,20,0,-1,2,0,10,-29,8,0,0,-1,-4,-12,-5,-4,0,"14:15:00"
0,121,4,6,9,0,10,41,34,0,0,0,97,11,21,516,266,"Saturday",0,34,4,5,4,0,0,37,13,0,0,-1,2,3,4,1,-2,"14:30:00"
0,154,5,0,4,0,10,66,51,0,0,0,105,5,16,511,266,"Saturday",0,33,1,-6,-5,0,0,25,17,0,0,0,8,-6,-5,-5,0,"14:45:00"
0,172,9,8,6,0,10,102,67,0,0,1,105,12,20,506,264,"Saturday",0,18,4,8,2,0,0,36,16,0,0,1,0,7,4,-5,-2,"15:00:00"
0,197,0,19,8,0,10,141,83,0,0,8,111,21,20,508,263,"Saturday",0,25,-9,11,2,0,0,39,16,0,0,7,6,9,0,2,-1,"15:15:00"
0,221,3,29,6,0,10,100,96,0,0,0,116,31,30,506,265,"Saturday",0,24,3,10,-2,0,0,-41,13,0,0,-8,5,10,10,-2,2,"15:30:00"
0,238,2,18,8,0,10,118,93,0,0,0,122,35,31,507,262,"Saturday",0,17,-1,-11,2,0,0,18,-3,0,0,0,6,4,1,1,-3,"15:45:00"
0,260,0,13,7,0,10,147,102,0,0,0,124,57,34,505,260,"Saturday",0,22,-2,-5,-1,0,0,29,9,0,0,0,2,22,3,-2,-2,"16:00:00"
0,274,3,11,7,0,10,178,111,0,0,1,117,52,32,511,263,"Saturday",0,14,3,-2,0,0,0,31,9,0,0,1,-7,-5,-2,6,3,"16:15:00"
0,288,12,7,7,0,10,196,108,0,0,1,118,75,37,506,262,"Saturday",0,14,9,-4,0,0,0,18,-3,0,0,0,1,23,5,-5,-1,"16:30:00"
0,308,7,9,4,0,10,161,110,0,0,0,116,76,42,495,261,"Saturday",0,20,-5,2,-3,0,0,-35,2,0,0,-1,-2,1,5,-11,-1,"16:45:00"
0,332,12,14,4,0,10,207,120,0,0,5,122,94,49,480,257,"Saturday",0,24,5,5,0,0,0,46,10,0,0,5,6,18,7,-15,-4,"17:00:00"
0,362,17,39,3,0,10,251,121,0,0,16,126,110,58,470,256,"Saturday",0,30,5,25,-1,0,0,44,1,0,0,11,4,16,9,-10,-1,"17:15:00"
0,374,30,42,8,144,10,288,133,0,0,29,120,132,59,461,251,"Saturday",0,12,13,3,5,144,0,37,12,0,0,13,-6,22,1,-9,-5,"17:30:00"
0,386,43,53,11,144,10,295,138,0,0,29,117,134,57,443,249,"Saturday",0,12,13,11,3,0,0,7,5,0,0,0,-3,2,-2,-18,-2,"17:45:00"
0,417,45,69,16,144,10,337,149,0,0,36,122,144,58,431,242,"Saturday",0,31,2,16,5,0,0,42,11,0,0,7,5,10,1,-12,-7,"18:00:00"
0,441,56,77,18,144,10,357,152,0,0,49,115,150,57,419,231,"Saturday",0,24,11,8,2,0,0,20,3,0,0,13,-7,6,-1,-12,-11,"18:15:00"
0,459,62,99,20,144,10,401,165,1,0,65,114,167,63,404,229,"Saturday",0,18,6,22,2,0,0,44,13,1,0,16,-1,17,6,-15,-2,"18:30:00"
0,468,59,116,20,144,10,428,175,6,0,76,111,182,65,379,225,"Saturday",0,9,-3,17,0,0,0,27,10,5,0,11,-3,15,2,-25,-4,"18:45:00"
0,450,50,116,23,144,10,468,185,20,0,77,110,192,67,338,216,"Saturday",0,-18,-9,0,3,0,0,40,10,14,0,1,-1,10,2,-41,-9,"19:00:00"
0,429,47,124,27,144,10,496,193,32,0,82,110,202,67,295,202,"Saturday",0,-21,-3,8,4,0,0,28,8,12,0,5,0,10,0,-43,-14,"19:15:00"
0,421,52,136,29,144,10,524,205,51,0,101,109,227,70,252,187,"Saturday",0,-8,5,12,2,0,0,28,12,19,0,19,-1,25,3,-43,-15,"19:30:00"
0,430,56,153,27,144,10,543,209,64,0,118,115,228,78,203,168,"Saturday",0,9,4,17,-2,0,0,19,4,13,0,17,6,1,8,-49,-19,"19:45:00"
0,439,57,175,29,0,10,568,217,82,0,126,125,235,79,169,162,"Saturday",0,9,1,22,2,-144,0,25,8,18,0,8,10,7,1,-34,-6,"20:00:00"
0,449,57,198,31,0,10,589,220,103,0,143,129,246,82,148,161,"Saturday",0,10,0,23,2,0,0,21,3,21,0,17,4,11,3,-21,-1,"20:15:00"
0,452,59,205,34,0,10,616,227,120,0,153,129,262,88,135,159,"Saturday",0,3,2,7,3,0,0,27,7,17,0,10,0,16,6,-13,-2,"20:30:00"
0,460,63,221,36,0,10,629,227,128,0,157,139,274,93,129,159,"Saturday",0,8,4,16,2,0,0,13,0,8,0,4,10,12,5,-6,0,"20:45:00"
0,469,64,234,0,0,0,645,227,135,0,159,136,280,105,125,160,"Saturday",0,9,1,13,-36,0,-10,16,0,7,0,2,-3,6,12,-4,1,"21:00:00"
0,469,64,234,0,0,0,645,227,135,0,159,136,280,105,125,160,"Saturday",0,0,0,0,0,0,0,0,0,0,0,0,0,0,0,0,0,"21:15:00"
0,469,64,234,0,0,0,645,227,135,0,159,136,280,105,125,160,"Saturday",0,0,0,0,0,0,0,0,0,0,0,0,0,0,0,0,0,"21:30:00"
0,469,64,234,0,0,0,645,227,135,0,159,136,280,105,125,160,"Saturday",0,0,0,0,0,0,0,0,0,0,0,0,0,0,0,0,0,"21:45:00"
0,469,64,234,0,0,0,645,227,135,0,159,136,280,105,125,160,"Saturday",0,0,0,0,0,0,0,0,0,0,0,0,0,0,0,0,0,"22:00:00"
0,469,64,234,0,0,0,645,227,135,0,159,136,280,105,125,160,"Saturday",0,0,0,0,0,0,0,0,0,0,0,0,0,0,0,0,0,"22:15:00"
0,469,64,234,0,0,0,645,227,135,0,159,136,280,105,125,160,"Saturday",0,0,0,0,0,0,0,0,0,0,0,0,0,0,0,0,0,"22:30:00"
0,469,64,234,0,0,0,645,227,135,0,159,136,280,105,125,160,"Saturday",0,0,0,0,0,0,0,0,0,0,0,0,0,0,0,0,0,"22:45:00"
0,469,64,234,0,0,0,645,227,135,0,159,136,280,105,125,160,"Saturday",0,0,0,0,0,0,0,0,0,0,0,0,0,0,0,0,0,"23:00:00"
0,627,0,309,0,0,0,705,0,0,0,185,170,323,161,242,190,"Saturday",0,158,-64,75,0,0,0,60,-227,-135,0,26,34,43,56,117,30,"23:15:00"
0,627,0,309,0,0,0,705,0,0,0,185,170,323,161,242,190,"Saturday",0,0,0,0,0,0,0,0,0,0,0,0,0,0,0,0,0,"23:30:00"
0,627,0,309,0,0,0,705,0,0,0,185,170,323,161,242,190,"Saturday",0,0,0,0,0,0,0,0,0,0,0,0,0,0,0,0,0,"23:45:00"
0,627,0,309,0,0,0,705,0,0,0,185,170,323,161,242,190,"Sunday",0,0,0,0,0,0,0,0,0,0,0,0,0,0,0,0,0,"00:00:00"
0,627,0,309,0,0,0,705,0,0,0,185,170,323,161,242,190,"Sunday",0,0,0,0,0,0,0,0,0,0,0,0,0,0,0,0,0,"00:15:00"
0,627,0,309,0,0,0,705,0,0,0,185,170,323,161,242,190,"Sunday",0,0,0,0,0,0,0,0,0,0,0,0,0,0,0,0,0,"00:30:00"
0,627,0,309,0,0,0,705,0,0,0,185,170,323,161,242,190,"Sunday",0,0,0,0,0,0,0,0,0,0,0,0,0,0,0,0,0,"00:45:00"
0,627,0,309,0,0,0,705,0,0,0,185,170,323,161,242,190,"Sunday",0,0,0,0,0,0,0,0,0,0,0,0,0,0,0,0,0,"01:00:00"
0,627,0,309,0,0,0,705,0,0,0,185,170,323,161,242,190,"Sunday",0,0,0,0,0,0,0,0,0,0,0,0,0,0,0,0,0,"01:15:00"
0,627,0,309,0,0,0,705,0,0,0,185,170,323,161,242,190,"Sunday",0,0,0,0,0,0,0,0,0,0,0,0,0,0,0,0,0,"01:30:00"
0,627,0,309,0,0,0,705,0,0,0,185,170,323,161,242,190,"Sunday",0,0,0,0,0,0,0,0,0,0,0,0,0,0,0,0,0,"01:45:00"
0,627,0,309,0,0,0,705,0,0,0,185,170,323,161,242,190,"Sunday",0,0,0,0,0,0,0,0,0,0,0,0,0,0,0,0,0,"02:00:00"
0,627,0,309,0,0,0,705,0,0,0,185,170,323,161,242,190,"Sunday",0,0,0,0,0,0,0,0,0,0,0,0,0,0,0,0,0,"02:15:00"
0,627,0,309,0,0,0,705,0,0,0,185,170,323,161,242,190,"Sunday",0,0,0,0,0,0,0,0,0,0,0,0,0,0,0,0,0,"02:30:00"
0,627,0,309,0,0,0,705,0,0,0,185,170,323,161,242,190,"Sunday",0,0,0,0,0,0,0,0,0,0,0,0,0,0,0,0,0,"02:45:00"
0,627,0,309,0,0,0,705,0,0,0,185,170,323,161,242,190,"Sunday",0,0,0,0,0,0,0,0,0,0,0,0,0,0,0,0,0,"03:00:00"
0,627,0,309,0,0,0,705,0,0,0,185,170,323,161,242,190,"Sunday",0,0,0,0,0,0,0,0,0,0,0,0,0,0,0,0,0,"03:15:00"
0,627,0,309,0,0,0,705,0,0,0,185,170,323,161,242,190,"Sunday",0,0,0,0,0,0,0,0,0,0,0,0,0,0,0,0,0,"03:30:00"
0,627,0,309,0,0,0,705,0,0,0,185,170,323,161,242,190,"Sunday",0,0,0,0,0,0,0,0,0,0,0,0,0,0,0,0,0,"03:45:00"
0,627,0,309,0,0,0,705,0,0,0,185,170,323,161,242,190,"Sunday",0,0,0,0,0,0,0,0,0,0,0,0,0,0,0,0,0,"04:00:00"
0,627,0,309,0,0,0,705,0,0,0,185,170,323,161,242,190,"Sunday",0,0,0,0,0,0,0,0,0,0,0,0,0,0,0,0,0,"04:15:00"
0,627,0,309,0,0,0,705,0,0,0,185,170,323,161,242,190,"Sunday",0,0,0,0,0,0,0,0,0,0,0,0,0,0,0,0,0,"04:30:00"
0,627,0,309,0,0,0,705,0,0,0,185,170,323,161,242,190,"Sunday",0,0,0,0,0,0,0,0,0,0,0,0,0,0,0,0,0,"04:45:00"
0,627,0,309,0,0,0,705,0,0,0,185,170,323,161,242,190,"Sunday",0,0,0,0,0,0,0,0,0,0,0,0,0,0,0,0,0,"05:00:00"
0,627,0,309,0,0,0,705,0,0,0,185,170,323,161,242,190,"Sunday",0,0,0,0,0,0,0,0,0,0,0,0,0,0,0,0,0,"05:15:00"
0,627,0,309,0,0,0,705,0,0,0,185,170,323,161,242,190,"Sunday",0,0,0,0,0,0,0,0,0,0,0,0,0,0,0,0,0,"05:30:00"
0,627,0,309,0,0,0,705,0,0,0,185,170,323,161,242,190,"Sunday",0,0,0,0,0,0,0,0,0,0,0,0,0,0,0,0,0,"05:45:00"
0,627,0,309,0,0,0,705,0,0,0,185,170,323,161,242,190,"Sunday",0,0,0,0,0,0,0,0,0,0,0,0,0,0,0,0,0,"06:00:00"
0,627,0,309,0,0,0,705,0,0,0,185,170,323,161,242,190,"Sunday",0,0,0,0,0,0,0,0,0,0,0,0,0,0,0,0,0,"06:15:00"
0,627,0,309,0,0,0,705,0,0,0,185,170,323,161,242,190,"Sunday",0,0,0,0,0,0,0,0,0,0,0,0,0,0,0,0,0,"06:30:00"
0,627,0,309,0,0,0,705,0,0,0,185,170,323,161,242,190,"Sunday",0,0,0,0,0,0,0,0,0,0,0,0,0,0,0,0,0,"06:45:00"
0,627,0,309,0,0,0,705,0,0,0,185,170,323,161,242,190,"Sunday",0,0,0,0,0,0,0,0,0,0,0,0,0,0,0,0,0,"07:00:00"
0,0,0,354,0,0,0,0,0,0,0,0,181,346,179,580,281,"Sunday",0,-627,0,45,0,0,0,-705,0,0,0,-185,11,23,18,338,91,"07:15:00"
0,0,0,354,0,0,0,0,0,0,0,0,181,348,178,580,281,"Sunday",0,0,0,0,0,0,0,0,0,0,0,0,0,2,-1,0,0,"07:30:00"
0,0,0,354,0,0,0,0,0,0,0,0,181,347,177,579,281,"Sunday",0,0,0,0,0,0,0,0,0,0,0,0,0,-1,-1,-1,0,"07:45:00"
0,0,0,354,0,0,0,0,0,0,0,201,181,347,177,579,282,"Sunday",0,0,0,0,0,0,0,0,0,0,0,201,0,0,0,0,1,"08:00:00"
0,0,0,354,0,0,0,0,0,0,0,201,180,347,178,579,285,"Sunday",0,0,0,0,0,0,0,0,0,0,0,0,-1,0,1,0,3,"08:15:00"
0,0,0,354,0,0,0,0,0,0,0,201,179,346,178,579,286,"Sunday",0,0,0,0,0,0,0,0,0,0,0,0,-1,-1,0,0,1,"08:30:00"
0,660,0,354,0,0,0,665,0,0,0,199,178,345,178,580,286,"Sunday",0,660,0,0,0,0,0,665,0,0,0,-2,-1,-1,0,1,0,"08:45:00"
0,658,0,355,0,0,0,662,0,0,0,195,175,345,181,580,286,"Sunday",0,-2,0,1,0,0,0,-3,0,0,0,-4,-3,0,3,0,0,"09:00:00"
0,658,0,356,0,0,0,661,0,0,0,195,173,345,180,581,286,"Sunday",0,0,0,1,0,0,0,-1,0,0,0,0,-2,0,-1,1,0,"09:15:00"
0,653,0,356,0,0,0,659,0,0,0,189,174,346,179,580,286,"Sunday",0,-5,0,0,0,0,0,-2,0,0,0,-6,1,1,-1,-1,0,"09:30:00"
0,651,0,355,0,0,0,659,0,150,0,186,177,344,179,577,286,"Sunday",0,-2,0,-1,0,0,0,0,0,150,0,-3,3,-2,0,-3,0,"09:45:00"
0,650,0,354,0,144,250,657,0,150,0,185,183,347,181,574,286,"Sunday",0,-1,0,-1,0,144,250,-2,0,0,0,-1,6,3,2,-3,0,"10:00:00"
0,646,0,353,0,144,250,657,0,150,0,178,188,354,190,569,286,"Sunday",0,-4,0,-1,0,0,0,0,0,0,0,-7,5,7,9,-5,0,"10:15:00"
0,643,0,352,0,144,250,653,0,150,0,169,190,367,195,566,287,"Sunday",0,-3,0,-1,0,0,0,-4,0,0,0,-9,2,13,5,-3,1,"10:30:00"
0,645,0,351,0,144,250,652,0,150,0,173,192,370,199,557,287,"Sunday",0,2,0,-1,0,0,0,-1,0,0,0,4,2,3,4,-9,0,"10:45:00"
0,638,0,350,0,144,250,655,0,150,0,179,189,373,203,548,286,"Sunday",0,-7,0,-1,0,0,0,3,0,0,0,6,-3,3,4,-9,-1,"11:00:00"
0,637,0,344,0,144,250,655,0,150,0,185,192,377,208,539,284,"Sunday",0,-1,0,-6,0,0,0,0,0,0,0,6,3,4,5,-9,-2,"11:15:00"
0,638,0,342,0,144,250,660,0,148,0,185,193,381,211,540,282,"Sunday",0,1,0,-2,0,0,0,5,0,-2,0,0,1,4,3,1,-2,"11:30:00"
0,631,0,341,0,144,250,665,0,146,0,194,186,388,212,541,283,"Sunday",0,-7,0,-1,0,0,0,5,0,-2,0,9,-7,7,1,1,1,"11:45:00"
0,629,0,335,0,144,250,668,0,145,0,211,181,398,211,545,283,"Sunday",0,-2,0,-6,0,0,0,3,0,-1,0,17,-5,10,-1,4,0,"12:00:00"
0,627,0,333,0,144,250,669,0,144,0,218,180,397,208,544,282,"Sunday",0,-2,0,-2,0,0,0,1,0,-1,0,7,-1,-1,-3,-1,-1,"12:15:00"
0,625,0,329,0,144,250,666,0,139,0,225,180,403,208,543,282,"Sunday",0,-2,0,-4,0,0,0,-3,0,-5,0,7,0,6,0,-1,0,"12:30:00"
0,624,0,327,0,144,250,674,0,135,0,226,180,404,208,539,281,"Sunday",0,-1,0,-2,0,0,0,8,0,-4,0,1,0,1,0,-4,-1,"12:45:00"
0,627,0,327,0,144,250,682,0,135,0,222,180,402,207,537,280,"Sunday",0,3,0,0,0,0,0,8,0,0,0,-4,0,-2,-1,-2,-1,"13:00:00"
0,627,0,320,0,144,250,687,0,138,0,226,187,402,204,531,280,"Sunday",0,0,0,-7,0,0,0,5,0,3,0,4,7,0,-3,-6,0,"13:15:00"
0,625,0,316,0,144,250,690,0,134,0,235,189,398,195,527,278,"Sunday",0,-2,0,-4,0,0,0,3,0,-4,0,9,2,-4,-9,-4,-2,"13:30:00"
0,624,0,315,0,144,250,697,0,131,0,236,184,394,187,522,273,"Sunday",0,-1,0,-1,0,0,0,7,0,-3,0,1,-5,-4,-8,-5,-5,"13:45:00"
0,622,0,311,0,144,250,701,0,127,0,236,185,393,185,514,264,"Sunday",0,-2,0,-4,0,0,0,4,0,-4,0,0,1,-1,-2,-8,-9,"14:00:00"
0,621,0,310,0,144,250,704,0,118,0,239,192,396,184,513,262,"Sunday",0,-1,0,-1,0,0,0,3,0,-9,0,3,7,3,-1,-1,-2,"14:15:00"
0,617,0,311,0,144,250,704,0,117,0,244,188,399,184,514,260,"Sunday",0,-4,0,1,0,0,0,0,0,-1,0,5,-4,3,0,1,-2,"14:30:00"
0,613,0,307,0,144,250,706,0,110,0,240,186,398,182,508,260,"Sunday",0,-4,0,-4,0,0,0,2,0,-7,0,-4,-2,-1,-2,-6,0,"14:45:00"
0,608,0,315,0,144,250,715,0,117,0,241,190,396,185,502,259,"Sunday",0,-5,0,8,0,0,0,9,0,7,0,1,4,-2,3,-6,-1,"15:00:00"
0,605,0,311,0,144,250,732,0,123,0,236,186,395,185,506,262,"Sunday",0,-3,0,-4,0,0,0,17,0,6,0,-5,-4,-1,0,4,3,"15:15:00"
0,599,0,314,0,144,250,738,0,122,0,235,187,392,183,507,265,"Sunday",0,-6,0,3,0,0,0,6,0,-1,0,-1,1,-3,-2,1,3,"15:30:00"
0,590,0,314,0,144,250,744,0,127,0,239,190,388,177,507,266,"Sunday",0,-9,0,0,0,0,0,6,0,5,0,4,3,-4,-6,0,1,"15:45:00"
0,590,0,314,0,144,250,748,0,129,0,238,193,392,178,508,269,"Sunday",0,0,0,0,0,0,0,4,0,2,0,-1,3,4,1,1,3,"16:00:00"
0,591,0,316,0,144,250,750,0,129,0,236,191,396,176,505,273,"Sunday",0,1,0,2,0,0,0,2,0,0,0,-2,-2,4,-2,-3,4,"16:15:00"
0,597,0,318,0,144,250,750,0,132,0,234,191,410,184,497,275,"Sunday",0,6,0,2,0,0,0,0,0,3,0,-2,0,14,8,-8,2,"16:30:00"
0,599,0,327,0,144,250,750,0,132,0,230,192,412,182,493,276,"Sunday",0,2,0,9,0,0,0,0,0,0,0,-4,1,2,-2,-4,1,"16:45:00"
0,601,0,330,0,144,250,750,0,131,0,229,190,414,184,485,274,"Sunday",0,2,0,3,0,0,0,0,0,-1,0,-1,-2,2,2,-8,-2,"17:00:00"
0,597,0,328,0,144,250,750,0,133,0,228,193,415,186,484,273,"Sunday",0,-4,0,-2,0,0,0,0,0,2,0,-1,3,1,2,-1,-1,"17:15:00"
0,583,0,330,0,144,250,750,0,136,0,231,186,413,181,473,271,"Sunday",0,-14,0,2,0,0,0,0,0,3,0,3,-7,-2,-5,-11,-2,"17:30:00"
0,566,0,335,0,144,250,750,0,135,0,231,183,407,168,462,271,"Sunday",0,-17,0,5,0,0,0,0,0,-1,0,0,-3,-6,-13,-11,0,"17:45:00"
0,560,0,328,0,144,250,750,0,138,0,229,171,405,160,459,272,"Sunday",0,-6,0,-7,0,0,0,0,0,3,0,-2,-12,-2,-8,-3,1,"18:00:00"
0,564,0,323,0,144,250,750,0,139,0,236,169,409,163,457,269,"Sunday",0,4,0,-5,0,0,0,0,0,1,0,7,-2,4,3,-2,-3,"18:15:00"
0,564,0,324,0,0,0,750,0,145,0,227,170,410,166,429,255,"Sunday",0,0,0,1,0,-144,-250,0,0,6,0,-9,1,1,3,-28,-14,"18:45:00"
0,571,0,318,0,0,0,750,0,145,0,222,167,409,163,427,255,"Sunday",0,7,0,-6,0,0,0,0,0,0,0,-5,-3,-1,-3,-2,0,"19:00:00"
0,597,0,321,0,0,0,750,0,145,0,223,174,408,158,426,256,"Sunday",0,26,0,3,0,0,0,0,0,0,0,1,7,-1,-5,-1,1,"19:15:00"
0,599,0,325,0,0,0,750,0,143,0,229,181,411,158,413,256,"Sunday",0,2,0,4,0,0,0,0,0,-2,0,6,7,3,0,-13,0,"19:30:00"
0,598,0,324,0,0,0,750,0,143,0,229,184,410,156,410,256,"Sunday",0,-1,0,-1,0,0,0,0,0,0,0,0,3,-1,-2,-3,0,"19:45:00"
0,600,0,326,0,0,0,750,0,148,0,230,184,407,158,417,256,"Sunday",0,2,0,2,0,0,0,0,0,5,0,1,0,-3,2,7,0,"20:00:00"
0,602,0,328,0,0,0,750,0,150,0,233,182,410,165,425,256,"Sunday",0,2,0,2,0,0,0,0,0,2,0,3,-2,3,7,8,0,"20:15:00"
0,605,0,332,0,0,0,750,0,150,0,236,182,417,183,430,257,"Sunday",0,3,0,4,0,0,0,0,0,0,0,3,0,7,18,5,1,"20:30:00"
0,621,0,334,0,0,0,750,0,150,0,239,185,421,203,442,257,"Sunday",0,16,0,2,0,0,0,0,0,0,0,3,3,4,20,12,0,"20:45:00"
0,627,0,337,0,0,0,750,0,150,0,240,180,421,199,446,258,"Sunday",0,6,0,3,0,0,0,0,0,0,0,1,-5,0,-4,4,1,"21:00:00"
0,628,0,337,0,0,0,750,0,150,0,240,180,421,201,446,258,"Sunday",0,1,0,0,0,0,0,0,0,0,0,0,0,0,2,0,0,"21:15:00"
0,628,0,337,0,0,0,750,0,150,0,240,180,421,201,446,258,"Sunday",0,0,0,0,0,0,0,0,0,0,0,0,0,0,0,0,0,"21:30:00"
0,628,0,337,0,0,0,750,0,150,0,240,180,421,201,446,258,"Sunday",0,0,0,0,0,0,0,0,0,0,0,0,0,0,0,0,0,"21:45:00"
0,628,0,337,0,0,0,750,0,150,0,240,180,421,201,446,258,"Sunday",0,0,0,0,0,0,0,0,0,0,0,0,0,0,0,0,0,"22:00:00"
0,628,0,337,0,0,0,750,0,150,0,240,180,421,201,446,258,"Sunday",0,0,0,0,0,0,0,0,0,0,0,0,0,0,0,0,0,"22:15:00"
0,628,0,337,0,0,0,750,0,150,0,240,180,421,201,446,258,"Sunday",0,0,0,0,0,0,0,0,0,0,0,0,0,0,0,0,0,"22:30:00"
0,628,0,337,0,0,0,750,0,150,0,240,180,421,201,446,258,"Sunday",0,0,0,0,0,0,0,0,0,0,0,0,0,0,0,0,0,"22:45:00"
0,628,0,337,0,0,0,750,0,150,0,240,180,421,201,446,258,"Sunday",0,0,0,0,0,0,0,0,0,0,0,0,0,0,0,0,0,"23:00:00"
0,658,0,366,0,0,0,750,0,0,0,258,183,432,214,569,285,"Sunday",0,30,0,29,0,0,0,0,0,-150,0,18,3,11,13,123,27,"23:15:00"
0,658,0,366,0,0,0,750,0,0,0,258,183,432,214,569,285,"Sunday",0,0,0,0,0,0,0,0,0,0,0,0,0,0,0,0,0,"23:30:00"
0,658,0,366,0,0,0,750,0,0,0,258,183,432,214,569,285,"Sunday",0,0,0,0,0,0,0,0,0,0,0,0,0,0,0,0,0,"23:45:00"
